insee,commune,departement,travail_insee,travail_commune,travail_departement,latitude,longitude,emplois,habitants,menages,pers_par_menages,unite_conso_menages,revenu_median,travail_latitude,travail_longitude,travail_emplois,distance_oiseau_km,distance_auto_km,duree_auto_minutes,distance_velo_km,duree_velo_minutes,2009,2014,2009_inter,2014_inter,2009_extra,2014_extra,2009_extra_travail_commune,extra_travail_commune_2014
30225,SABRAN,30,30028,BAGNOLS-SUR-CEZE,30,44.15026163,4.551233464,72,1739,725,1726,1180,21946,44.16224967,4.624773809,2737,6.0,9.9,14,8.0,36,691,839,127,164,564,675,274,302
30226,SAINT-ALEXANDRE,30,30202,PONT-SAINT-ESPRIT,30,44.22394472,4.631701359,97,1154,464,1197,790,22387,44.25266371,4.639019458,994,3.2,4.3,9,4.1,17,490,0,82,0,408,0,110,0
30227,SAINT-AMBROIX,30,30007,ALES,30,44.25245837,4.194185732,362,3176,1574,3237,2323,16622,44.12500991,4.088285013,6385,16.5,19.8,31,20.6,92,1012,910,484,427,528,483,160,249
30228,SAINTE-ANASTASIE,30,30189,NIMES,30,43.93191201,4.342021996,73,1670,648,1683,1113,20185,43.84493839,4.34806797,22719,9.7,18.2,24,15.0,63,682,721,138,155,544,566,264,245
30233,SAINT-BAUZELY,30,30189,NIMES,30,43.92199661,4.192185944,54,578,220,576,375,18571,43.84493839,4.34806797,22719,15.2,18.1,25,17.5,77,231,272,58,69,173,203,119,109
30241,SAINT-CHAPTES,30,30189,NIMES,30,43.96760066,4.27481954,159,1844,732,1820,1204,18892,43.84493839,4.34806797,22719,14.9,18.6,21,18.5,75,729,771,220,229,509,542,296,250
30243,SAINT-CHRISTOL-LES-ALES,30,30007,ALES,30,44.08378546,4.076650068,641,6951,3042,7324,4954,18107,44.12500991,4.088285013,6385,4.7,6.3,12,5.9,26,2228,2495,588,782,1640,1713,828,852
30243,SAINT-CHRISTOL-LES-ALES,30,30189,NIMES,30,44.08378546,4.076650068,641,6951,3042,7324,4954,18107,43.84493839,4.34806797,22719,34.3,41.8,36,41.4,182,2228,2495,588,782,1640,1713,180,121
30245,SAINT-COME-ET-MARUEJOLS,30,30189,NIMES,30,43.83117176,4.188225289,26,765,309,794,527,21266,43.84493839,4.34806797,22719,12.9,21.4,29,16.7,75,366,392,62,63,304,329,160,198
30249,SAINT-DIONISY,30,30189,NIMES,30,43.80461376,4.223326897,92,1001,372,986,645,22790,43.84493839,4.34806797,22719,11.0,15.1,25,14.4,63,411,442,81,82,331,360,177,143
30253,SAINT-FLORENT-SUR-AUZONNET,30,30007,ALES,30,44.23740031,4.106946451,28,1231,586,1203,857,16450,44.12500991,4.088285013,6385,12.6,18.9,29,19.2,85,307,0,65,0,243,0,105,0
30254,SAINT-GENIES-DE-COMOLAS,30,84007,AVIGNON,84,44.06573493,4.731241859,68,1874,756,1953,1288,19425,43.93524483,4.840715725,18441,17.0,30.6,39,24.7,110,772,786,104,164,668,622,176,130
30255,SAINT-GENIES-DE-MALGOIRES,30,30189,NIMES,30,43.94623194,4.213171496,257,2959,1135,2898,1895,17594,43.84493839,4.34806797,22719,15.6,19.8,22,18.9,85,1116,1179,320,319,797,860,418,347
30256,SAINT-GERVAIS,30,30028,BAGNOLS-SUR-CEZE,30,44.19504683,4.579251704,17,691,320,739,507,21571,44.16224967,4.624773809,2737,5.1,7.2,11,7.2,33,0,321,0,44,0,276,0,138
30257,SAINT-GERVASY,30,30189,NIMES,30,43.87452308,4.46960919,70,1793,697,1890,1216,19081,43.84493839,4.34806797,22719,10.3,13.9,24,13.9,59,660,715,144,165,516,550,272,290
30258,SAINT-GILLES,30,30189,NIMES,30,43.65828809,4.407784278,1102,13326,5531,14124,9266,15806,43.84493839,4.34806797,22719,21.3,31.0,40,25.7,111,4722,4438,2157,2163,2565,2275,1042,775
30258,SAINT-GILLES,30,13004,ARLES,13,43.65828809,4.407784278,1102,13326,5531,14124,9266,15806,43.54686924,4.662156426,6743,23.9,35.6,36,35.6,160,4722,4438,2157,2163,2565,2275,331,321
30258,SAINT-GILLES,30,30125,GARONS,30,43.65828809,4.407784278,1102,13326,5531,14124,9266,15806,43.77173577,4.438485619,553,12.9,17.9,23,15.2,65,4722,4438,2157,2163,2565,2275,152,109
30259,SAINT-HILAIRE-DE-BRETHMAS,30,30189,NIMES,30,44.09207594,4.123818981,532,4200,1830,4436,2996,19853,43.84493839,4.34806797,22719,32.8,36.9,33,40.3,175,1664,1620,358,402,1306,1217,119,156
30259,SAINT-HILAIRE-DE-BRETHMAS,30,30007,ALES,30,44.09207594,4.123818981,532,4200,1830,4436,2996,19853,44.12500991,4.088285013,6385,4.6,5.6,11,5.6,24,1664,1620,358,402,1306,1217,748,729
30270,SAINT-JEAN-DU-PIN,30,30007,ALES,30,44.11642327,4.032739858,27,1428,614,1501,1012,19609,44.12500991,4.088285013,6385,4.5,6.2,13,6.0,26,535,557,131,116,404,441,241,276
30273,SAINT-JULIEN-DE-PEYROLAS,30,30202,PONT-SAINT-ESPRIT,30,44.28322275,4.568728098,50,1342,544,1352,903,19400,44.25266371,4.639019458,994,6.5,8.0,12,7.6,31,469,570,140,121,330,449,106,121
30274,SAINT-JULIEN-LES-ROSIERS,30,30007,ALES,30,44.18997173,4.100398324,153,3295,1352,3384,2257,19362,44.12500991,4.088285013,6385,7.3,7.7,18,8.4,39,1264,1262,169,194,1096,1068,612,649
30276,SAINT-LAURENT-D'AIGOUZE,30,34172,MONTPELLIER,34,43.57046674,4.242575769,217,3448,1574,3638,2488,19907,43.61344091,3.868516579,38976,30.5,39.2,44,41.3,175,1431,1508,364,443,1067,1065,110,141
30276,SAINT-LAURENT-D'AIGOUZE,30,30189,NIMES,30,43.57046674,4.242575769,217,3448,1574,3638,2488,19907,43.84493839,4.34806797,22719,31.7,48.2,51,40.2,178,0,1508,0,443,0,1065,0,120
30276,SAINT-LAURENT-D'AIGOUZE,30,30133,LE GRAU-DU-ROI,30,43.57046674,4.242575769,217,3448,1574,3638,2488,19907,43.50728109,4.166229487,1207,9.3,16.9,25,15.5,67,1431,1508,364,443,1067,1065,161,148
30276,SAINT-LAURENT-D'AIGOUZE,30,30003,AIGUES-MORTES,30,43.57046674,4.242575769,217,3448,1574,3638,2488,19907,43.55072496,4.183498021,828,5.2,8.6,20,8.2,34,1431,1508,364,443,1067,1065,205,114
30278,SAINT-LAURENT-DES-ARBRES,30,30028,BAGNOLS-SUR-CEZE,30,44.05569974,4.692430629,226,2829,1059,2872,1836,21460,44.16224967,4.624773809,2737,13.0,16.2,21,15.1,63,0,1172,0,204,0,968,0,112
30278,SAINT-LAURENT-DES-ARBRES,30,84007,AVIGNON,84,44.05569974,4.692430629,226,2829,1059,2872,1836,21460,43.93524483,4.840715725,18441,17.9,24.7,37,24.5,106,1074,1172,214,204,860,968,184,263
30281,SAINT-MAMERT-DU-GARD,30,30189,NIMES,30,43.88342801,4.17283449,59,1600,614,1618,1050,19810,43.84493839,4.34806797,22719,14.7,18.7,21,17.4,82,619,666,131,165,488,502,311,284
30284,SAINT-MARTIN-DE-VALGALGUES,30,30007,ALES,30,44.16588286,4.075000361,324,4325,1862,4275,2936,17353,44.12500991,4.088285013,6385,4.7,6.0,14,5.9,26,1418,1314,269,293,1149,1021,713,573
30286,SAINT-MAXIMIN,30,30334,UZES,30,43.98810193,4.455164504,18,705,309,737,499,20244,44.01365904,4.416000316,1634,4.2,6.1,11,4.9,25,284,0,56,0,228,0,104,0
30288,SAINT-NAZAIRE,30,30028,BAGNOLS-SUR-CEZE,30,44.20008736,4.62191806,62,1192,512,1218,821,17407,44.16224967,4.624773809,2737,4.2,4.9,9,5.6,24,420,429,48,56,372,374,112,111
30290,SAINT-PAULET-DE-CAISSON,30,30202,PONT-SAINT-ESPRIT,30,44.26078886,4.586822116,106,1788,725,1792,1205,20702,44.25266371,4.639019458,994,4.3,4.9,8,4.9,20,782,763,189,175,594,588,144,175
30290,SAINT-PAULET-DE-CAISSON,30,30028,BAGNOLS-SUR-CEZE,30,44.26078886,4.586822116,106,1788,725,1792,1205,20702,44.16224967,4.624773809,2737,11.4,15.6,25,15.4,64,782,0,189,0,594,0,120,0
30294,SAINT-PRIVAT-DES-VIEUX,30,30007,ALES,30,44.141686,4.130633518,479,5083,2192,5269,3567,20557,44.12500991,4.088285013,6385,3.9,4.4,10,5.3,23,1911,1880,435,422,1476,1457,965,934
30295,SAINT-QUENTIN-LA-POTERIE,30,30334,UZES,30,44.05733707,4.438724251,209,2951,1308,2917,2030,19370,44.01365904,4.416000316,1634,5.2,7.1,11,6.0,31,1247,1071,404,336,843,734,414,299
30298,SAINT-SEBASTIEN-D'AIGREFEUILLE,30,30007,ALES,30,44.11468705,3.990300451,12,536,215,483,338,19866,44.12500991,4.088285013,6385,7.9,10.3,23,10.1,42,235,0,21,0,215,0,104,0
30299,SAINT-SIFFRET,30,30334,UZES,30,44.01535961,4.46857346,43,1045,413,982,672,21717,44.01365904,4.416000316,1634,4.2,5.9,9,5.2,30,377,0,108,0,269,0,104,0
30302,SAINT-VICTOR-LA-COSTE,30,30028,BAGNOLS-SUR-CEZE,30,44.05512185,4.641625939,63,2009,813,2048,1362,21674,44.16224967,4.624773809,2737,12.0,16.0,22,15.0,69,790,863,158,187,632,676,146,143
30302,SAINT-VICTOR-LA-COSTE,30,30141,LAUDUN-L'ARDOISE,30,44.05512185,4.641625939,63,2009,813,2048,1362,21674,44.10295683,4.663895131,840,5.6,7.0,10,7.0,29,0,863,0,187,0,676,0,113
30305,SALINDRES,30,30007,ALES,30,44.1650141,4.161358367,385,3229,1463,3260,2258,18213,44.12500991,4.088285013,6385,7.3,8.4,16,9.3,40,1010,1073,376,393,634,680,372,348
30307,LES SALLES-DU-GARDON,30,30132,LA GRAND-COMBE,30,44.19460384,4.01746804,164,2631,1161,2491,1755,15297,44.22715122,4.029849021,416,3.8,9.9,19,6.2,28,529,616,112,167,417,450,124,111
30307,LES SALLES-DU-GARDON,30,30007,ALES,30,44.19460384,4.01746804,164,2631,1161,2491,1755,15297,44.12500991,4.088285013,6385,9.6,14.8,24,13.0,54,529,616,112,167,417,450,172,136
30311,SAUVE,30,30210,QUISSAC,30,43.93736359,3.954659856,142,1970,806,1721,1212,17616,43.91799347,3.997222518,360,4.0,5.4,8,4.7,24,689,0,300,0,389,0,101,0
30312,SAUVETERRE,30,84007,AVIGNON,84,44.01680588,4.808903204,73,1909,791,2032,1335,21573,43.93524483,4.840715725,18441,9.4,18.8,30,14.7,66,766,781,125,136,641,645,175,240
30313,SAUZET,30,30189,NIMES,30,43.96225746,4.217394611,25,737,273,683,452,20901,43.84493839,4.34806797,22719,16.7,19.4,22,20.4,92,0,331,0,42,0,289,0,117
30315,SAZE,30,84007,AVIGNON,84,43.9447,4.698265389,90,1971,799,1992,1328,21629,43.93524483,4.840715725,18441,11.5,15.4,26,18.0,77,822,917,152,133,669,784,297,318
30317,SERNHAC,30,30189,NIMES,30,43.91190262,4.560967106,83,1728,637,1589,1051,18884,43.84493839,4.34806797,22719,18.6,21.9,36,22.4,98,676,815,146,161,530,654,127,181
30317,SERNHAC,30,30212,REMOULINS,30,43.91190262,4.560967106,83,1728,637,1589,1051,18884,43.94057193,4.564889387,414,3.2,4.1,7,4.0,18,0,815,0,161,0,654,0,101
30321,SOMMIERES,30,34172,MONTPELLIER,34,43.77561185,4.082327439,709,4644,1969,4384,3016,16809,43.61344091,3.868516579,38976,24.9,36.5,40,29.9,141,1575,1533,632,602,943,931,177,138
30321,SOMMIERES,30,30189,NIMES,30,43.77561185,4.082327439,709,4644,1969,4384,3016,16809,43.84493839,4.34806797,22719,22.7,31.2,39,28.4,123,0,1533,0,602,0,931,0,115
30321,SOMMIERES,30,34145,LUNEL,34,43.77561185,4.082327439,709,4644,1969,4384,3016,16809,43.68204818,4.135664723,2837,11.3,13.2,15,14.1,65,1575,1533,632,602,943,931,105,100
30326,TAVEL,30,84007,AVIGNON,84,44.00910671,4.691931516,183,1915,804,1918,1297,20438,43.93524483,4.840715725,18441,14.5,19.5,33,20.0,86,851,878,341,278,510,600,129,171
30331,TRESQUES,30,30028,BAGNOLS-SUR-CEZE,30,44.11698174,4.592823075,159,1774,748,1748,1206,22760,44.16224967,4.624773809,2737,5.6,6.9,10,7.1,32,754,694,188,108,567,585,290,280
30333,UCHAUD,30,34172,MONTPELLIER,34,43.75908655,4.265057483,176,4230,1745,4313,2866,18840,43.61344091,3.868516579,38976,35.8,43.6,48,43.1,196,0,1621,0,297,0,1324,0,100
30333,UCHAUD,30,30189,NIMES,30,43.75908655,4.265057483,176,4230,1745,4313,2866,18840,43.84493839,4.34806797,22719,11.6,16.4,29,14.2,60,1544,1621,253,297,1291,1324,584,518
30334,UZES,30,30189,NIMES,30,44.01365904,4.416000316,1634,8569,4132,8394,6046,17779,43.84493839,4.34806797,22719,19.5,28.8,33,26.2,117,2604,2674,1664,1717,940,957,200,192
30334,UZES,30,30174,MONTAREN-ET-SAINT-MEDIERS,30,44.01365904,4.416000316,1634,8569,4132,8394,6046,17779,44.04461919,4.382968785,142,4.3,5.8,8,5.3,21,0,2674,0,1717,0,957,0,124
30341,VAUVERT,30,30006,AIMARGUES,30,43.62584685,4.305970933,1066,11353,4787,11721,7832,17507,43.67178037,4.203751001,582,9.7,16.7,22,12.2,54,3893,3758,1475,1591,2419,2167,147,114
30341,VAUVERT,30,30189,NIMES,30,43.62584685,4.305970933,1066,11353,4787,11721,7832,17507,43.84493839,4.34806797,22719,24.6,32.8,47,30.6,130,3893,3758,1475,1591,2419,2167,745,672
30341,VAUVERT,30,30344,VERGEZE,30,43.62584685,4.305970933,1066,11353,4787,11721,7832,17507,43.73753604,4.233609905,607,13.7,15.3,21,15.8,65,3893,3758,1475,1591,2419,2167,273,210
30341,VAUVERT,30,34172,MONTPELLIER,34,43.62584685,4.305970933,1066,11353,4787,11721,7832,17507,43.61344091,3.868516579,38976,35.3,54.5,55,44.6,196,3893,3758,1475,1591,2419,2167,154,135
30342,VENEJAN,30,30028,BAGNOLS-SUR-CEZE,30,44.1985145,4.668164494,79,1211,501,1257,841,23602,44.16224967,4.624773809,2737,5.3,7.8,14,7.4,36,508,517,117,140,391,377,117,128
30344,VERGEZE,30,30189,NIMES,30,43.73753604,4.233609905,607,5057,2036,5134,3395,20805,43.84493839,4.34806797,22719,15.1,20.6,30,18.7,78,1673,2076,529,547,1144,1530,330,471
30344,VERGEZE,30,34172,MONTPELLIER,34,43.73753604,4.233609905,607,5057,2036,5134,3395,20805,43.61344091,3.868516579,38976,32.5,39.8,41,39.7,183,1673,2076,529,547,1144,1530,116,176
30346,VERS-PONT-DU-GARD,30,30334,UZES,30,43.96684588,4.519450602,120,1859,761,1866,1250,20163,44.01365904,4.416000316,1634,9.8,11.6,15,11.1,50,0,828,0,220,0,608,0,110
30346,VERS-PONT-DU-GARD,30,30212,REMOULINS,30,43.96684588,4.519450602,120,1859,761,1866,1250,20163,43.94057193,4.564889387,414,4.7,6.0,9,6.5,29,792,0,192,0,600,0,132,0
30347,VESTRIC-ET-CANDIAC,30,30189,NIMES,30,43.73607087,4.264521946,145,1420,506,1377,894,19539,43.84493839,4.34806797,22719,13.8,19.5,30,16.9,70,536,616,102,134,435,482,171,182
30348,VEZENOBRES,30,30189,NIMES,30,44.05104803,4.134551826,173,1756,793,1792,1234,19961,43.84493839,4.34806797,22719,28.6,31.6,29,34.0,148,660,0,132,0,527,0,105,0
30348,VEZENOBRES,30,30007,ALES,30,44.05104803,4.134551826,173,1756,793,1792,1234,19961,44.12500991,4.088285013,6385,9.0,10.9,14,10.7,45,660,670,132,194,527,476,230,190
30351,VILLENEUVE-LES-AVIGNON,30,30011,LES ANGLES,30,43.97716736,4.794660407,1004,11716,5529,12231,8567,25253,43.94668029,4.752552562,1120,4.8,6.1,14,7.6,34,4759,4625,1208,1271,3551,3354,281,289
30351,VILLENEUVE-LES-AVIGNON,30,84092,LE PONTET,84,43.97716736,4.794660407,1004,11716,5529,12231,8567,25253,43.96839035,4.865495908,3232,5.8,12.5,21,10.8,48,4759,4625,1208,1271,3551,3354,143,111
30351,VILLENEUVE-LES-AVIGNON,30,30028,BAGNOLS-SUR-CEZE,30,43.97716736,4.794660407,1004,11716,5529,12231,8567,25253,44.16224967,4.624773809,2737,24.7,32.2,38,31.4,138,4759,4625,1208,1271,3551,3354,115,120
30351,VILLENEUVE-LES-AVIGNON,30,84007,AVIGNON,84,43.97716736,4.794660407,1004,11716,5529,12231,8567,25253,43.93524483,4.840715725,18441,5.9,13.8,28,9.5,42,4759,4625,1208,1271,3551,3354,1768,1678
30352,VILLEVIEILLE,30,34172,MONTPELLIER,34,43.7960985,4.100748986,89,1676,724,1781,1194,20947,43.61344091,3.868516579,38976,27.6,40.4,47,33.3,154,609,0,114,0,495,0,110,0
30356,RODILHAN,30,30189,NIMES,30,43.82550394,4.434106691,159,2923,1201,2821,1926,20685,43.84493839,4.34806797,22719,7.2,10.0,21,9.8,42,989,1226,202,180,787,1046,586,663
31003,AIGREFEUILLE,31,31555,TOULOUSE,31,43.56936359,1.584214454,28,1189,407,1272,788,27923,43.59638143,1.431672934,71878,12.7,25.8,33,16.0,68,521,645,66,88,455,557,246,259
31004,AYGUESVIVES,31,31555,TOULOUSE,31,43.42902439,1.594394489,146,2538,953,2677,1698,25316,43.59638143,1.431672934,71878,22.8,34.0,33,26.6,110,1033,1235,218,211,815,1023,291,428
31022,AUCAMVILLE,31,31149,COLOMIERS,31,43.67139681,1.423709108,1028,8132,3760,8349,5762,20769,43.61155151,1.327002184,6448,10.2,16.8,23,15.1,67,0,4037,0,799,0,3238,0,150
31022,AUCAMVILLE,31,31182,FENOUILLET,31,43.67139681,1.423709108,1028,8132,3760,8349,5762,20769,43.6848099,1.390520535,1253,3.1,4.9,10,4.4,19,4036,0,666,0,3370,0,106,0
31022,AUCAMVILLE,31,31069,BLAGNAC,31,43.67139681,1.423709108,1028,8132,3760,8349,5762,20769,43.64218679,1.378869411,6700,4.9,11.8,18,10.2,44,4036,4037,666,799,3370,3238,181,165
31022,AUCAMVILLE,31,31555,TOULOUSE,31,43.67139681,1.423709108,1028,8132,3760,8349,5762,20769,43.59638143,1.431672934,71878,8.4,10.8,20,9.6,41,4036,4037,666,799,3370,3238,1774,1714
31022,AUCAMVILLE,31,31044,BALMA,31,43.67139681,1.423709108,1028,8132,3760,8349,5762,20769,43.61152587,1.504591383,3761,9.3,12.2,21,12.1,52,0,4037,0,799,0,3238,0,105
31022,AUCAMVILLE,31,31467,SAINT-ALBAN,31,43.67139681,1.423709108,1028,8132,3760,8349,5762,20769,43.69277089,1.412605248,1208,2.5,3.0,7,3.1,13,4036,0,666,0,3370,0,106,0
31025,AUREVILLE,31,31555,TOULOUSE,31,43.48041615,1.457122696,30,826,306,875,556,31425,43.59638143,1.431672934,71878,13.1,28.5,29,16.4,69,301,390,52,72,249,318,156,182
31026,AURIAC-SUR-VENDINELLE,31,31555,TOULOUSE,31,43.51940883,1.824403146,33,1008,432,1005,688,21268,43.59638143,1.431672934,71878,32.8,54.0,50,40.9,171,400,482,88,103,312,379,112,138
31032,AUSSONNE,31,31555,TOULOUSE,31,43.68360345,1.328870549,417,6922,2691,6995,4556,24255,43.59638143,1.431672934,71878,12.8,16.7,22,15.2,64,2918,3173,498,532,2420,2641,1080,1093
31032,AUSSONNE,31,31149,COLOMIERS,31,43.68360345,1.328870549,417,6922,2691,6995,4556,24255,43.61155151,1.327002184,6448,8.0,11.9,20,10.7,46,2918,3173,498,532,2420,2641,280,250
31032,AUSSONNE,31,31069,BLAGNAC,31,43.68360345,1.328870549,417,6922,2691,6995,4556,24255,43.64218679,1.378869411,6700,6.1,8.8,13,8.0,34,2918,3173,498,532,2420,2641,431,561
31033,AUTERIVE,31,9225,PAMIERS,9,43.35959916,1.477427966,1245,9232,4113,9841,6599,19926,43.12348607,1.61523399,2853,28.5,31.5,34,34.0,144,3996,3852,1364,1392,2632,2460,104,109
31033,AUTERIVE,31,31433,PORTET-SUR-GARONNE,31,43.35959916,1.477427966,1245,9232,4113,9841,6599,19926,43.52939527,1.402519557,3147,19.8,24.5,27,25.5,107,3996,3852,1364,1392,2632,2460,121,115
31033,AUTERIVE,31,31395,MURET,31,43.35959916,1.477427966,1245,9232,4113,9841,6599,19926,43.44910778,1.307846794,3402,16.9,33.9,33,22.4,94,3996,3852,1364,1392,2632,2460,156,154
31033,AUTERIVE,31,31555,TOULOUSE,31,43.35959916,1.477427966,1245,9232,4113,9841,6599,19926,43.59638143,1.431672934,71878,26.6,35.9,37,31.4,139,3996,3852,1364,1392,2632,2460,1088,1077
31035,AUZEVILLE-TOLOSANE,31,31555,TOULOUSE,31,43.52861226,1.48721979,434,3575,1297,3193,2139,27910,43.59638143,1.431672934,71878,8.8,20.6,27,10.8,47,1158,1306,250,313,908,993,532,567
31036,AUZIELLE,31,31555,TOULOUSE,31,43.54014077,1.56831984,41,1242,562,1491,978,27208,43.59638143,1.431672934,71878,12.7,25.8,34,15.8,68,674,606,106,87,568,519,288,232
31037,AVIGNONET-LAURAGAIS,31,31555,TOULOUSE,31,43.3769713,1.772727048,126,1443,586,1477,975,21932,43.59638143,1.431672934,71878,36.8,49.0,42,44.6,183,545,634,134,128,411,506,155,157
31037,AVIGNONET-LAURAGAIS,31,31582,VILLEFRANCHE-DE-LAURAGAIS,31,43.3769713,1.772727048,126,1443,586,1477,975,21932,43.40677927,1.719651267,792,5.4,7.2,11,7.3,34,545,0,134,0,411,0,102,0
31038,AZAS,31,31555,TOULOUSE,31,43.72004771,1.674373588,16,620,227,631,401,24294,43.59638143,1.431672934,71878,23.9,34.8,36,29.8,128,0,305,0,34,0,271,0,111
31044,BALMA,31,31506,SAINT-ORENS-DE-GAMEVILLE,31,43.61152587,1.504591383,3761,15319,6610,15371,10490,26374,43.55907877,1.535137106,1756,6.3,11.4,16,8.4,38,0,6397,0,1675,0,4722,0,111
31044,BALMA,31,31254,LABEGE,31,43.61152587,1.504591383,3761,15319,6610,15371,10490,26374,43.53913772,1.520620711,5630,8.2,12.0,18,10.7,47,5580,6397,1368,1675,4213,4722,203,182
31044,BALMA,31,31149,COLOMIERS,31,43.61152587,1.504591383,3761,15319,6610,15371,10490,26374,43.61155151,1.327002184,6448,14.3,23.9,25,17.3,80,5580,0,1368,0,4213,0,105,0
31044,BALMA,31,31069,BLAGNAC,31,43.61152587,1.504591383,3761,15319,6610,15371,10490,26374,43.64218679,1.378869411,6700,10.7,18.8,21,13.9,62,5580,6397,1368,1675,4213,4722,204,278
31044,BALMA,31,31555,TOULOUSE,31,43.61152587,1.504591383,3761,15319,6610,15371,10490,26374,43.59638143,1.431672934,71878,6.1,17.8,22,7.2,32,5580,6397,1368,1675,4213,4722,2605,2685
31048,BAZIEGE,31,31254,LABEGE,31,43.46223674,1.627995813,221,3263,1276,3353,2180,22494,43.53913772,1.520620711,5630,12.2,14.5,20,15.8,69,1500,1502,306,298,1194,1203,141,137
31048,BAZIEGE,31,31555,TOULOUSE,31,43.46223674,1.627995813,221,3263,1276,3353,2180,22494,43.59638143,1.431672934,71878,21.8,33.5,32,26.8,116,1500,1502,306,298,1194,1203,488,484
31049,BAZUS,31,31555,TOULOUSE,31,43.73574417,1.519604643,25,570,223,583,384,25467,43.59638143,1.431672934,71878,17.0,31.3,30,20.1,92,262,0,44,0,217,0,113,0
31052,BEAUMONT-SUR-LEZE,31,31555,TOULOUSE,31,43.37984403,1.356102088,81,1534,602,1578,1040,22380,43.59638143,1.431672934,71878,24.8,32.9,35,30.1,129,691,686,122,136,569,550,240,225
31053,BEAUPUY,31,31555,TOULOUSE,31,43.6525825,1.558698795,95,1279,441,1204,787,26825,43.59638143,1.431672934,71878,12.0,20.5,27,14.6,63,551,477,106,68,445,410,228,193
31056,BEAUZELLE,31,31555,TOULOUSE,31,43.66778371,1.374089063,671,6111,2508,6101,4098,23978,43.59638143,1.431672934,71878,9.2,15.7,20,10.7,46,2340,2796,391,482,1949,2314,853,1037
31056,BEAUZELLE,31,31069,BLAGNAC,31,43.66778371,1.374089063,671,6111,2508,6101,4098,23978,43.64218679,1.378869411,6700,2.9,4.5,10,3.7,17,2340,2796,391,482,1949,2314,542,601
31056,BEAUZELLE,31,31149,COLOMIERS,31,43.66778371,1.374089063,671,6111,2508,6101,4098,23978,43.61155151,1.327002184,6448,7.3,16.4,19,11.9,51,2340,2796,391,482,1949,2314,138,155
31057,BELBERAUD,31,31555,TOULOUSE,31,43.50377943,1.569723393,113,1340,479,1394,891,26397,43.59638143,1.431672934,71878,15.2,25.8,34,18.5,80,572,655,92,90,480,565,228,275
31065,BERAT,31,31395,MURET,31,43.37791071,1.17131231,89,2919,1046,3007,1891,20996,43.44910778,1.307846794,3402,13.6,25.9,20,16.4,68,1230,1357,257,212,973,1144,133,141
31065,BERAT,31,31555,TOULOUSE,31,43.37791071,1.17131231,89,2919,1046,3007,1891,20996,43.59638143,1.431672934,71878,32.1,51.0,42,37.3,158,1230,1357,257,212,973,1144,353,387
31066,BESSIERES,31,31555,TOULOUSE,31,43.79699576,1.586182442,440,3777,1507,3652,2424,20379,43.59638143,1.431672934,71878,25.5,38.5,37,30.9,143,1332,1591,400,421,932,1170,392,320
31069,BLAGNAC,31,31056,BEAUZELLE,31,43.64218679,1.378869411,6700,23416,10393,22325,15626,23156,43.66778371,1.374089063,671,2.9,5.6,9,3.8,17,0,11222,0,4861,0,6361,0,108
31069,BLAGNAC,31,31557,TOURNEFEUILLE,31,43.64218679,1.378869411,6700,23416,10393,22325,15626,23156,43.57819186,1.335006978,1958,7.9,11.6,17,11.3,49,0,11222,0,4861,0,6361,0,106
31069,BLAGNAC,31,31150,CORNEBARRIEU,31,43.64218679,1.378869411,6700,23416,10393,22325,15626,23156,43.64862657,1.322429646,1048,4.6,6.2,12,6.0,26,10541,11222,4514,4861,6028,6361,152,153
31069,BLAGNAC,31,31254,LABEGE,31,43.64218679,1.378869411,6700,23416,10393,22325,15626,23156,43.53913772,1.520620711,5630,16.2,22.9,28,20.4,87,0,11222,0,4861,0,6361,0,106
31069,BLAGNAC,31,31044,BALMA,31,43.64218679,1.378869411,6700,23416,10393,22325,15626,23156,43.61152587,1.504591383,3761,10.7,20.4,24,14.1,62,10541,11222,4514,4861,6028,6361,120,127
31069,BLAGNAC,31,31149,COLOMIERS,31,43.64218679,1.378869411,6700,23416,10393,22325,15626,23156,43.61155151,1.327002184,6448,5.4,10.8,14,10.7,46,10541,11222,4514,4861,6028,6361,574,603
31069,BLAGNAC,31,31555,TOULOUSE,31,43.64218679,1.378869411,6700,23416,10393,22325,15626,23156,43.59638143,1.431672934,71878,6.6,10.1,15,8.2,35,10541,11222,4514,4861,6028,6361,3777,3888
31075,BONREPOS-SUR-AUSSONNELLE,31,31555,TOULOUSE,31,43.5441108,1.137017962,44,1093,392,1158,718,25063,43.59638143,1.431672934,71878,24.4,33.8,31,27.6,118,415,554,62,142,353,413,149,171
31079,BOULOC,31,31555,TOULOUSE,31,43.79580038,1.41918914,252,4408,1731,4622,2986,23475,43.59638143,1.431672934,71878,22.2,27.1,30,25.9,111,2025,2037,335,374,1690,1664,690,582
31079,BOULOC,31,31069,BLAGNAC,31,43.79580038,1.41918914,252,4408,1731,4622,2986,23475,43.64218679,1.378869411,6700,17.4,28.2,28,24.0,108,0,2037,0,374,0,1664,0,191
31082,BOURG-SAINT-BERNARD,31,31555,TOULOUSE,31,43.60624355,1.698782243,60,991,394,1019,667,22608,43.59638143,1.431672934,71878,21.5,40.9,38,28.1,118,424,440,67,68,357,372,115,127
31088,BRAX,31,31555,TOULOUSE,31,43.6156942,1.231948869,85,2668,1007,2799,1809,27984,43.59638143,1.431672934,71878,16.2,19.9,26,18.8,86,1005,1208,102,151,903,1057,385,478
31088,BRAX,31,31149,COLOMIERS,31,43.6156942,1.231948869,85,2668,1007,2799,1809,27984,43.61155151,1.327002184,6448,7.7,10.5,15,8.5,40,1005,1208,102,151,903,1057,169,156
31088,BRAX,31,31069,BLAGNAC,31,43.6156942,1.231948869,85,2668,1007,2799,1809,27984,43.64218679,1.378869411,6700,12.2,19.5,23,15.7,80,1005,1208,102,151,903,1057,114,171
31091,BRUGUIERES,31,31555,TOULOUSE,31,43.72715089,1.409158181,1050,5359,2187,5490,3644,23508,43.59638143,1.431672934,71878,14.7,17.9,22,16.9,73,2333,2478,431,471,1902,2007,730,860
31091,BRUGUIERES,31,31069,BLAGNAC,31,43.72715089,1.409158181,1050,5359,2187,5490,3644,23508,43.64218679,1.378869411,6700,9.8,18.9,20,15.0,72,2333,2478,431,471,1902,2007,159,131
31093,LE BURGAUD,31,31555,TOULOUSE,31,43.78970073,1.146132397,21,915,338,939,590,20446,43.59638143,1.431672934,71878,31.5,38.7,47,38.6,161,0,409,0,73,0,336,0,112
31094,BUZET-SUR-TARN,31,31555,TOULOUSE,31,43.76858311,1.613796583,107,2622,1005,2677,1711,22506,43.59638143,1.431672934,71878,24.1,34.9,32,30.4,136,1024,1156,140,223,884,933,336,308
31100,CALMONT,31,31555,TOULOUSE,31,43.28415842,1.626325232,107,2357,890,2234,1467,19612,43.59638143,1.431672934,71878,38.1,69.7,52,48.2,201,857,1031,231,285,626,746,185,183
31104,CAPENS,31,31555,TOULOUSE,31,43.33492943,1.259817878,128,685,238,684,426,21306,43.59638143,1.431672934,71878,32.2,39.1,32,37.8,159,0,325,0,37,0,289,0,126
31106,CARAMAN,31,31555,TOULOUSE,31,43.52910027,1.752969272,248,2395,1049,2552,1703,21101,43.59638143,1.431672934,71878,27.0,42.6,48,32.7,137,1040,1145,309,240,731,904,221,284
31107,CARBONNE,31,31555,TOULOUSE,31,43.30144947,1.218499661,757,5377,2419,5878,3923,20200,43.59638143,1.431672934,71878,37.0,44.3,35,43.7,187,2159,2186,706,651,1453,1534,518,491
31107,CARBONNE,31,31395,MURET,31,43.30144947,1.218499661,757,5377,2419,5878,3923,20200,43.44910778,1.307846794,3402,17.9,19.2,14,21.4,96,2159,2186,706,651,1453,1534,157,183
31113,CASTANET-TOLOSAN,31,31035,AUZEVILLE-TOLOSANE,31,43.51361667,1.50383757,1223,12640,5676,12552,8706,23534,43.52861226,1.48721979,434,2.1,2.6,7,2.5,11,5188,5925,1047,1172,4141,4753,158,190
31113,CASTANET-TOLOSAN,31,31555,TOULOUSE,31,43.51361667,1.50383757,1223,12640,5676,12552,8706,23534,43.59638143,1.431672934,71878,10.9,22.8,30,12.6,54,5188,5925,1047,1172,4141,4753,2232,2548
31113,CASTANET-TOLOSAN,31,31254,LABEGE,31,43.51361667,1.50383757,1223,12640,5676,12552,8706,23534,43.53913772,1.520620711,5630,3.1,4.7,9,4.5,19,5188,5925,1047,1172,4141,4753,410,474
31113,CASTANET-TOLOSAN,31,31044,BALMA,31,43.51361667,1.50383757,1223,12640,5676,12552,8706,23534,43.61152587,1.504591383,3761,10.9,14.3,21,15.2,65,0,5925,0,1172,0,4753,0,123
31113,CASTANET-TOLOSAN,31,31069,BLAGNAC,31,43.51361667,1.50383757,1223,12640,5676,12552,8706,23534,43.64218679,1.378869411,6700,17.5,25.7,31,20.4,88,5188,5925,1047,1172,4141,4753,125,117
31113,CASTANET-TOLOSAN,31,31506,SAINT-ORENS-DE-GAMEVILLE,31,43.51361667,1.50383757,1223,12640,5676,12552,8706,23534,43.55907877,1.535137106,1756,5.7,7.8,15,8.3,36,5188,5925,1047,1172,4141,4753,104,134
31113,CASTANET-TOLOSAN,31,31446,RAMONVILLE-SAINT-AGNE,31,43.51361667,1.50383757,1223,12640,5676,12552,8706,23534,43.54418379,1.477823728,2185,4.0,4.8,11,4.5,19,5188,5925,1047,1172,4141,4753,241,258
31116,CASTELGINEST,31,31555,TOULOUSE,31,43.69741327,1.435587836,514,9749,4292,10021,6811,21810,43.59638143,1.431672934,71878,11.2,21.0,26,13.2,57,4077,4493,618,750,3459,3744,1650,1627
31116,CASTELGINEST,31,31467,SAINT-ALBAN,31,43.69741327,1.435587836,514,9749,4292,10021,6811,21810,43.69277089,1.412605248,1208,1.9,2.8,7,2.6,12,4077,4493,618,750,3459,3744,150,150
31116,CASTELGINEST,31,31149,COLOMIERS,31,43.69741327,1.435587836,514,9749,4292,10021,6811,21810,43.61155151,1.327002184,6448,12.9,27.0,29,19.2,86,0,4493,0,750,0,3744,0,104
31116,CASTELGINEST,31,31044,BALMA,31,43.69741327,1.435587836,514,9749,4292,10021,6811,21810,43.61152587,1.504591383,3761,11.0,23.4,27,13.9,60,4077,4493,618,750,3459,3744,105,121
31116,CASTELGINEST,31,31069,BLAGNAC,31,43.69741327,1.435587836,514,9749,4292,10021,6811,21810,43.64218679,1.378869411,6700,7.7,22.0,25,14.3,63,4077,4493,618,750,3459,3744,208,189
31116,CASTELGINEST,31,31022,AUCAMVILLE,31,43.69741327,1.435587836,514,9749,4292,10021,6811,21810,43.67139681,1.423709108,1028,3.0,3.9,10,4.1,18,4077,4493,618,750,3459,3744,120,144
31116,CASTELGINEST,31,31561,L'UNION,31,43.69741327,1.435587836,514,9749,4292,10021,6811,21810,43.65424704,1.483948473,2557,6.2,8.2,17,8.0,35,0,4493,0,750,0,3744,0,121
31116,CASTELGINEST,31,31282,LAUNAGUET,31,43.69741327,1.435587836,514,9749,4292,10021,6811,21810,43.67007661,1.455160037,877,3.4,4.9,10,4.1,18,0,4493,0,750,0,3744,0,117
31117,CASTELMAUROU,31,31555,TOULOUSE,31,43.68451523,1.537450495,299,4099,1496,3956,2583,25108,43.59638143,1.431672934,71878,13.0,28.0,29,15.4,67,1628,1696,243,246,1385,1450,668,660
31118,CASTELNAU-D'ESTRETEFONDS,31,31555,TOULOUSE,31,43.79384853,1.361645752,1160,6029,2413,6120,3992,21818,43.59638143,1.431672934,71878,22.7,26.7,28,25.8,110,2774,3007,651,820,2123,2187,844,894
31118,CASTELNAU-D'ESTRETEFONDS,31,31069,BLAGNAC,31,43.79384853,1.361645752,1160,6029,2413,6120,3992,21818,43.64218679,1.378869411,6700,16.9,27.7,26,22.0,104,2774,3007,651,820,2123,2187,181,103
31120,LE CASTERA,31,31555,TOULOUSE,31,43.6709769,1.144783541,17,806,295,814,523,24081,43.59638143,1.431672934,71878,24.5,29.6,33,31.2,131,0,387,0,59,0,328,0,107
31128,CAUJAC,31,31555,TOULOUSE,31,43.29539778,1.458518479,15,838,299,830,528,21488,43.59638143,1.431672934,71878,33.5,44.6,45,41.6,183,0,412,0,40,0,372,0,136
31135,CAZERES,31,31555,TOULOUSE,31,43.22033542,1.093074027,638,4871,2191,4866,3340,18021,43.59638143,1.431672934,71878,50.0,59.9,44,57.3,242,1508,1552,553,621,956,931,207,175
31136,CEPET,31,31555,TOULOUSE,31,43.74569925,1.436609756,100,1673,585,1461,970,23146,43.59638143,1.431672934,71878,16.6,21.7,27,20.2,87,604,669,91,92,513,578,211,227
31145,CINTEGABELLE,31,31555,TOULOUSE,31,43.30682753,1.535721048,176,2840,1154,2830,1892,19893,43.59638143,1.431672934,71878,33.3,44.4,47,40.6,172,1080,1114,300,267,780,847,216,282
31145,CINTEGABELLE,31,31033,AUTERIVE,31,43.30682753,1.535721048,176,2840,1154,2830,1892,19893,43.35959916,1.477427966,1245,7.5,9.2,13,8.5,38,1080,1114,300,267,780,847,156,120
31147,CLARAC,31,31483,SAINT-GAUDENS,31,43.11371803,0.616188632,34,616,243,602,404,21225,43.11992608,0.726613564,2364,9.0,15.8,19,12.8,55,316,280,56,35,260,245,156,115
31148,CLERMONT-LE-FORT,31,31555,TOULOUSE,31,43.45842895,1.442627932,28,521,194,503,331,27510,43.59638143,1.431672934,71878,15.4,24.8,24,18.8,88,0,214,0,41,0,173,0,117
31149,COLOMIERS,31,31417,PIBRAC,31,43.61155151,1.327002184,6448,38541,15849,36785,24926,21694,43.62743854,1.261394753,494,5.6,10.8,13,7.2,31,15421,17243,5546,6463,9875,10780,107,111
31149,COLOMIERS,31,31557,TOURNEFEUILLE,31,43.61155151,1.327002184,6448,38541,15849,36785,24926,21694,43.57819186,1.335006978,1958,3.8,9.5,14,5.9,27,15421,17243,5546,6463,9875,10780,270,284
31149,COLOMIERS,31,31395,MURET,31,43.61155151,1.327002184,6448,38541,15849,36785,24926,21694,43.44910778,1.307846794,3402,18.1,32.7,26,24.6,107,0,17243,0,6463,0,10780,0,104
31149,COLOMIERS,31,31424,PLAISANCE-DU-TOUCH,31,43.61155151,1.327002184,6448,38541,15849,36785,24926,21694,43.55759164,1.285858118,1575,6.9,11.8,17,8.7,38,15421,17243,5546,6463,9875,10780,138,210
31149,COLOMIERS,31,31433,PORTET-SUR-GARONNE,31,43.61155151,1.327002184,6448,38541,15849,36785,24926,21694,43.52939527,1.402519557,3147,11.0,17.8,20,15.2,69,0,17243,0,6463,0,10780,0,148
31149,COLOMIERS,31,31150,CORNEBARRIEU,31,43.61155151,1.327002184,6448,38541,15849,36785,24926,21694,43.64862657,1.322429646,1048,4.1,6.1,13,6.5,28,15421,17243,5546,6463,9875,10780,298,229
31149,COLOMIERS,31,31069,BLAGNAC,31,43.61155151,1.327002184,6448,38541,15849,36785,24926,21694,43.64218679,1.378869411,6700,5.4,10.6,13,9.9,43,15421,17243,5546,6463,9875,10780,1326,1560
31149,COLOMIERS,31,31555,TOULOUSE,31,43.61155151,1.327002184,6448,38541,15849,36785,24926,21694,43.59638143,1.431672934,71878,8.6,11.1,15,10.4,47,15421,17243,5546,6463,9875,10780,5763,5992
31149,COLOMIERS,31,31044,BALMA,31,43.61155151,1.327002184,6448,38541,15849,36785,24926,21694,43.61152587,1.504591383,3761,14.3,23.9,26,17.2,79,15421,17243,5546,6463,9875,10780,177,144
31149,COLOMIERS,31,31254,LABEGE,31,43.61155151,1.327002184,6448,38541,15849,36785,24926,21694,43.53913772,1.520620711,5630,17.6,23.2,28,22.8,98,15421,17243,5546,6463,9875,10780,127,176
31150,CORNEBARRIEU,31,31555,TOULOUSE,31,43.64862657,1.322429646,1048,6426,2560,6426,4255,24585,43.59638143,1.431672934,71878,10.5,14.6,22,14.1,61,2554,3154,600,680,1953,2474,795,1082
31150,CORNEBARRIEU,31,31149,COLOMIERS,31,43.64862657,1.322429646,1048,6426,2560,6426,4255,24585,43.61155151,1.327002184,6448,4.1,6.2,11,5.3,23,2554,3154,600,680,1953,2474,254,320
31150,CORNEBARRIEU,31,31069,BLAGNAC,31,43.64862657,1.322429646,1048,6426,2560,6426,4255,24585,43.64218679,1.378869411,6700,4.6,6.1,13,6.0,26,2554,3154,600,680,1953,2474,405,550
31151,CORRONSAC,31,31555,TOULOUSE,31,43.47158948,1.48988058,40,763,271,797,500,28076,43.59638143,1.431672934,71878,14.7,19.8,28,18.5,85,337,358,49,29,288,329,172,148
31157,CUGNAUX,31,31149,COLOMIERS,31,43.54492112,1.342862238,1827,17004,7233,17266,11603,22479,43.61155151,1.327002184,6448,7.5,14.2,22,10.0,43,7388,7564,1649,1628,5739,5936,327,316
31157,CUGNAUX,31,31555,TOULOUSE,31,43.54492112,1.342862238,1827,17004,7233,17266,11603,22479,43.59638143,1.431672934,71878,9.2,15.7,25,10.9,48,7388,7564,1649,1628,5739,5936,3268,3413
31157,CUGNAUX,31,31557,TOURNEFEUILLE,31,43.54492112,1.342862238,1827,17004,7233,17266,11603,22479,43.57819186,1.335006978,1958,3.8,5.3,10,5.0,22,7388,7564,1649,1628,5739,5936,164,180
31157,CUGNAUX,31,31433,PORTET-SUR-GARONNE,31,43.54492112,1.342862238,1827,17004,7233,17266,11603,22479,43.52939527,1.402519557,3147,5.1,7.4,15,6.6,28,7388,7564,1649,1628,5739,5936,368,244
31157,CUGNAUX,31,31424,PLAISANCE-DU-TOUCH,31,43.54492112,1.342862238,1827,17004,7233,17266,11603,22479,43.55759164,1.285858118,1575,4.8,6.7,13,6.6,29,0,7564,0,1628,0,5936,0,121
31157,CUGNAUX,31,31254,LABEGE,31,43.54492112,1.342862238,1827,17004,7233,17266,11603,22479,43.53913772,1.520620711,5630,14.3,21.9,32,22.3,96,7388,0,1649,0,5739,0,135,0
31157,CUGNAUX,31,31395,MURET,31,43.54492112,1.342862238,1827,17004,7233,17266,11603,22479,43.44910778,1.307846794,3402,11.0,22.7,22,15.0,62,7388,7564,1649,1628,5739,5936,130,139
31157,CUGNAUX,31,31069,BLAGNAC,31,43.54492112,1.342862238,1827,17004,7233,17266,11603,22479,43.64218679,1.378869411,6700,11.2,15.3,22,15.1,66,7388,7564,1649,1628,5739,5936,309,372
31160,DAUX,31,31069,BLAGNAC,31,43.68725319,1.266346385,58,2245,871,2300,1487,24551,43.64218679,1.378869411,6700,10.3,13.5,19,12.6,53,816,1111,93,180,723,931,127,189
31160,DAUX,31,31555,TOULOUSE,31,43.68725319,1.266346385,58,2245,871,2300,1487,24551,43.59638143,1.431672934,71878,16.7,21.4,28,20.3,85,816,1111,93,180,723,931,300,331
31161,DEYME,31,31555,TOULOUSE,31,43.48239003,1.532652535,110,978,430,1135,739,26757,43.59638143,1.431672934,71878,15.1,19.9,31,18.7,84,459,487,92,77,368,410,180,164
31162,DONNEVILLE,31,31555,TOULOUSE,31,43.47276634,1.551236744,67,1034,386,1041,677,24392,43.59638143,1.431672934,71878,16.8,34.9,33,19.7,81,472,432,92,65,380,367,160,171
31163,DREMIL-LAFAGE,31,31555,TOULOUSE,31,43.591745,1.603178585,212,2552,1019,2779,1817,26537,43.59638143,1.431672934,71878,13.8,28.4,34,17.5,76,1321,1219,274,199,1047,1020,597,554
31165,EAUNES,31,31555,TOULOUSE,31,43.42769294,1.358977623,268,5827,2363,6055,3968,21936,43.59638143,1.431672934,71878,19.7,27.8,32,23.5,102,2177,2734,410,469,1767,2265,692,912
31165,EAUNES,31,31395,MURET,31,43.42769294,1.358977623,268,5827,2363,6055,3968,21936,43.44910778,1.307846794,3402,4.8,10.3,16,8.2,35,2177,2734,410,469,1767,2265,265,323
31165,EAUNES,31,31433,PORTET-SUR-GARONNE,31,43.42769294,1.358977623,268,5827,2363,6055,3968,21936,43.52939527,1.402519557,3147,11.8,16.3,22,15.4,66,0,2734,0,469,0,2265,0,113
31169,ESCALQUENS,31,31506,SAINT-ORENS-DE-GAMEVILLE,31,43.52091259,1.55243227,555,6273,2668,6732,4492,25801,43.55907877,1.535137106,1756,4.5,6.6,13,6.4,28,2719,2980,515,483,2204,2497,123,153
31169,ESCALQUENS,31,31254,LABEGE,31,43.52091259,1.55243227,555,6273,2668,6732,4492,25801,43.53913772,1.520620711,5630,3.3,4.3,8,4.8,21,2719,2980,515,483,2204,2497,253,330
31169,ESCALQUENS,31,31555,TOULOUSE,31,43.52091259,1.55243227,555,6273,2668,6732,4492,25801,43.59638143,1.431672934,71878,12.9,23.9,30,16.8,70,2719,2980,515,483,2204,2497,1123,1182
31175,ESTANCARBON,31,31483,SAINT-GAUDENS,31,43.1088526,0.781108336,453,616,254,591,403,21735,43.11992608,0.726613564,2364,4.6,6.0,11,6.3,26,236,0,47,0,189,0,109,0
31181,LE FAUGA,31,31395,MURET,31,43.3984327,1.294083043,132,1960,719,2026,1284,21946,43.44910778,1.307846794,3402,5.7,6.8,6,7.3,30,812,900,108,140,704,760,168,125
31181,LE FAUGA,31,31555,TOULOUSE,31,43.3984327,1.294083043,132,1960,719,2026,1284,21946,43.59638143,1.431672934,71878,24.7,31.9,28,28.5,121,812,900,108,140,704,760,228,335
31182,FENOUILLET,31,31555,TOULOUSE,31,43.6848099,1.390520535,1253,5060,2249,5398,3618,20980,43.59638143,1.431672934,71878,10.4,12.4,22,11.9,53,2320,2153,467,389,1853,1764,918,927
31182,FENOUILLET,31,31149,COLOMIERS,31,43.6848099,1.390520535,1253,5060,2249,5398,3618,20980,43.61155151,1.327002184,6448,9.6,18.5,25,16.4,74,0,2153,0,389,0,1764,0,120
31182,FENOUILLET,31,31069,BLAGNAC,31,43.6848099,1.390520535,1253,5060,2249,5398,3618,20980,43.64218679,1.378869411,6700,4.8,13.1,20,11.5,51,2320,0,467,0,1853,0,156,0
31184,FLOURENS,31,31555,TOULOUSE,31,43.59777426,1.553913078,632,1900,690,1778,1169,26648,43.59638143,1.431672934,71878,9.8,23.2,27,12.5,54,844,807,172,209,672,598,368,335
31186,FONBEAUZARD,31,31555,TOULOUSE,31,43.67982113,1.434921328,160,2977,1304,2916,2021,21567,43.59638143,1.431672934,71878,9.3,13.1,24,10.7,46,1443,1357,176,246,1268,1111,583,556
31187,FONSORBES,31,31499,SAINT-LYS,31,43.53176957,1.238636706,702,11743,4539,12317,7928,23118,43.51000733,1.199557119,567,4.0,7.8,10,5.7,24,5500,5509,1019,933,4481,4576,126,134
31187,FONSORBES,31,31149,COLOMIERS,31,43.53176957,1.238636706,702,11743,4539,12317,7928,23118,43.61155151,1.327002184,6448,11.4,16.3,23,14.9,63,5500,5509,1019,933,4481,4576,494,499
31187,FONSORBES,31,31555,TOULOUSE,31,43.53176957,1.238636706,702,11743,4539,12317,7928,23118,43.59638143,1.431672934,71878,17.1,25.7,33,20.0,88,5500,5509,1019,933,4481,4576,1921,2103
31187,FONSORBES,31,31069,BLAGNAC,31,43.53176957,1.238636706,702,11743,4539,12317,7928,23118,43.64218679,1.378869411,6700,16.7,25.2,30,22.4,95,5500,5509,1019,933,4481,4576,366,346
31187,FONSORBES,31,31424,PLAISANCE-DU-TOUCH,31,43.53176957,1.238636706,702,11743,4539,12317,7928,23118,43.55759164,1.285858118,1575,4.8,6.5,11,6.2,26,5500,5509,1019,933,4481,4576,200,187
31187,FONSORBES,31,31157,CUGNAUX,31,43.53176957,1.238636706,702,11743,4539,12317,7928,23118,43.54492112,1.342862238,1827,8.5,12.5,18,12.4,60,0,5509,0,933,0,4576,0,122
31187,FONSORBES,31,31395,MURET,31,43.53176957,1.238636706,702,11743,4539,12317,7928,23118,43.44910778,1.307846794,3402,10.8,18.6,21,17.6,74,5500,5509,1019,933,4481,4576,129,128
31187,FONSORBES,31,31433,PORTET-SUR-GARONNE,31,43.53176957,1.238636706,702,11743,4539,12317,7928,23118,43.52939527,1.402519557,3147,13.2,21.7,27,18.1,85,5500,0,1019,0,4481,0,153,0
31187,FONSORBES,31,31557,TOURNEFEUILLE,31,43.53176957,1.238636706,702,11743,4539,12317,7928,23118,43.57819186,1.335006978,1958,9.3,12.4,19,11.6,49,5500,5509,1019,933,4481,4576,180,135
31188,FONTENILLES,31,31555,TOULOUSE,31,43.55541684,1.197382826,343,5368,1896,5648,3505,25287,43.59638143,1.431672934,71878,19.4,25.3,27,22.5,98,2000,2565,337,402,1663,2163,761,890
31188,FONTENILLES,31,31149,COLOMIERS,31,43.55541684,1.197382826,343,5368,1896,5648,3505,25287,43.61155151,1.327002184,6448,12.2,15.9,17,16.5,72,2000,2565,337,402,1663,2163,209,266
31188,FONTENILLES,31,31187,FONSORBES,31,43.55541684,1.197382826,343,5368,1896,5648,3505,25287,43.53176957,1.238636706,702,4.2,6.6,13,6.5,28,0,2565,0,402,0,2163,0,102
31188,FONTENILLES,31,31069,BLAGNAC,31,43.55541684,1.197382826,343,5368,1896,5648,3505,25287,43.64218679,1.378869411,6700,17.5,24.9,24,24.8,107,2000,2565,337,402,1663,2163,180,276
31192,FOURQUEVAUX,31,31555,TOULOUSE,31,43.49811762,1.621750516,66,745,283,757,497,26271,43.59638143,1.431672934,71878,18.8,36.7,34,22.6,101,356,326,55,60,301,267,149,155
31193,LE FOUSSERET,31,31555,TOULOUSE,31,43.28633179,1.064951786,215,1876,709,1769,1172,19759,43.59638143,1.431672934,71878,45.5,59.3,45,52.9,221,648,719,208,233,440,486,130,131
31202,FRONTON,31,82121,MONTAUBAN,82,43.85179337,1.379265056,611,5826,2236,5799,3790,21372,44.02225946,1.364086365,10693,19.0,24.4,30,26.0,122,2481,0,674,0,1807,0,119,0
31202,FRONTON,31,31555,TOULOUSE,31,43.85179337,1.379265056,611,5826,2236,5799,3790,21372,43.59638143,1.431672934,71878,28.7,34.7,38,34.6,151,2481,2613,674,809,1807,1804,624,644
31202,FRONTON,31,31069,BLAGNAC,31,43.85179337,1.379265056,611,5826,2236,5799,3790,21372,43.64218679,1.378869411,6700,23.3,35.7,36,29.5,134,2481,2613,674,809,1807,1804,100,121
31203,FROUZINS,31,31555,TOULOUSE,31,43.52132465,1.313081445,335,8815,3492,8959,5894,22907,43.59638143,1.431672934,71878,12.7,22.4,29,15.1,67,3604,4106,540,625,3064,3481,1488,1606
31203,FROUZINS,31,31458,ROQUES,31,43.52132465,1.313081445,335,8815,3492,8959,5894,22907,43.50741454,1.354586276,947,3.7,15.1,21,4.1,18,3604,4106,540,625,3064,3481,100,125
31203,FROUZINS,31,31433,PORTET-SUR-GARONNE,31,43.52132465,1.313081445,335,8815,3492,8959,5894,22907,43.52939527,1.402519557,3147,7.3,11.0,20,10.0,44,3604,4106,540,625,3064,3481,156,192
31203,FROUZINS,31,31157,CUGNAUX,31,43.52132465,1.313081445,335,8815,3492,8959,5894,22907,43.54492112,1.342862238,1827,3.6,4.7,11,4.2,19,3604,4106,540,625,3064,3481,248,238
31203,FROUZINS,31,31149,COLOMIERS,31,43.52132465,1.313081445,335,8815,3492,8959,5894,22907,43.61155151,1.327002184,6448,10.1,17.2,24,13.0,60,3604,4106,540,625,3064,3481,132,189
31203,FROUZINS,31,31395,MURET,31,43.52132465,1.313081445,335,8815,3492,8959,5894,22907,43.44910778,1.307846794,3402,8.0,14.5,18,12.3,54,3604,4106,540,625,3064,3481,132,204
31203,FROUZINS,31,31069,BLAGNAC,31,43.52132465,1.313081445,335,8815,3492,8959,5894,22907,43.64218679,1.378869411,6700,14.5,20.8,28,18.2,83,3604,4106,540,625,3064,3481,120,198
31205,GAGNAC-SUR-GARONNE,31,31555,TOULOUSE,31,43.70759321,1.363594682,140,2933,1279,3021,2035,22430,43.59638143,1.431672934,71878,13.5,18.9,25,15.5,69,1674,1503,249,172,1424,1331,605,535
31205,GAGNAC-SUR-GARONNE,31,31069,BLAGNAC,31,43.70759321,1.363594682,140,2933,1279,3021,2035,22430,43.64218679,1.378869411,6700,7.4,10.9,16,9.4,49,1674,1503,249,172,1424,1331,178,138
31206,GAILLAC-TOULZA,31,31555,TOULOUSE,31,43.25673528,1.456279502,58,1247,432,1066,712,19534,43.59638143,1.431672934,71878,37.8,48.8,51,46.1,201,516,589,140,110,376,479,108,125
31210,GARDOUCH,31,31555,TOULOUSE,31,43.38483671,1.678268087,60,1275,504,1293,849,22921,43.59638143,1.431672934,71878,30.8,44.1,37,36.2,149,665,582,131,106,534,476,181,157
31211,GARGAS,31,31555,TOULOUSE,31,43.75921566,1.459209631,30,697,243,688,440,22301,43.59638143,1.431672934,71878,18.2,25.2,32,22.3,96,313,313,58,58,255,255,115,100
31212,GARIDECH,31,31555,TOULOUSE,31,43.71337389,1.551612769,204,1727,610,1737,1098,24169,43.59638143,1.431672934,71878,16.2,28.2,27,22.1,100,801,885,156,118,645,767,293,369
31215,GAURE,31,31555,TOULOUSE,31,43.61769006,1.636983618,26,499,183,494,322,25755,43.59638143,1.431672934,71878,16.7,29.4,35,20.2,85,272,0,56,0,216,0,100,0
31227,GOYRANS,31,31555,TOULOUSE,31,43.48163538,1.426533233,14,868,317,895,576,34287,43.59638143,1.431672934,71878,12.8,24.4,28,16.1,67,416,388,35,41,381,347,192,225
31228,GRAGNAGUE,31,31555,TOULOUSE,31,43.68309527,1.582381446,89,1739,640,1777,1148,24882,43.59638143,1.431672934,71878,15.5,24.5,24,19.5,83,810,869,152,167,658,702,273,353
31229,GRATENS,31,31555,TOULOUSE,31,43.3258752,1.122648955,38,667,263,685,448,22005,43.59638143,1.431672934,71878,39.1,52.9,41,44.6,187,330,0,90,0,240,0,106,0
31230,GRATENTOUR,31,31555,TOULOUSE,31,43.72046385,1.434348676,349,3530,1343,3523,2312,24424,43.59638143,1.431672934,71878,13.8,19.4,25,16.3,72,1627,1558,206,220,1420,1337,668,561
31232,GRENADE,31,82121,MONTAUBAN,82,43.76405078,1.28038975,885,8557,3593,8544,5733,21101,44.02225946,1.364086365,10693,29.5,36.3,39,38.6,161,0,3816,0,921,0,2895,0,103
31232,GRENADE,31,31149,COLOMIERS,31,43.76405078,1.28038975,885,8557,3593,8544,5733,21101,43.61155151,1.327002184,6448,17.4,28.6,34,22.5,96,3416,3816,1080,921,2336,2895,184,236
31232,GRENADE,31,31555,TOULOUSE,31,43.76405078,1.28038975,885,8557,3593,8544,5733,21101,43.59638143,1.431672934,71878,22.3,32.0,36,26.4,111,3416,3816,1080,921,2336,2895,758,990
31232,GRENADE,31,31069,BLAGNAC,31,43.76405078,1.28038975,885,8557,3593,8544,5733,21101,43.64218679,1.378869411,6700,15.7,19.9,26,21.7,91,3416,3816,1080,921,2336,2895,436,423
31233,GREPIAC,31,31555,TOULOUSE,31,43.40785465,1.452774632,32,997,377,1008,655,21969,43.59638143,1.431672934,71878,21.0,30.8,31,26.1,118,421,423,44,76,378,347,151,136
31240,ISSUS,31,31555,TOULOUSE,31,43.42277589,1.502776996,48,574,201,569,354,22451,43.59638143,1.431672934,71878,20.1,32.6,35,24.5,105,0,290,0,15,0,276,0,136
31246,LABARTHE-INARD,31,31483,SAINT-GAUDENS,31,43.10782721,0.832464947,145,876,353,867,585,19888,43.11992608,0.726613564,2364,8.7,10.6,16,10.9,45,0,339,0,61,0,278,0,101
31247,LABARTHE-RIVIERE,31,31483,SAINT-GAUDENS,31,43.08090919,0.671429954,66,1350,590,1361,937,20070,43.11992608,0.726613564,2364,6.2,7.6,13,7.1,30,500,570,92,120,408,450,216,230
31248,LABARTHE-SUR-LEZE,31,31555,TOULOUSE,31,43.45854616,1.40082977,413,5365,1979,5124,3381,22938,43.59638143,1.431672934,71878,15.5,22.7,25,18.9,79,2140,2333,240,426,1900,1907,934,903
31248,LABARTHE-SUR-LEZE,31,31395,MURET,31,43.45854616,1.40082977,413,5365,1979,5124,3381,22938,43.44910778,1.307846794,3402,7.6,12.6,18,10.0,43,2140,2333,240,426,1900,1907,122,160
31248,LABARTHE-SUR-LEZE,31,31433,PORTET-SUR-GARONNE,31,43.45854616,1.40082977,413,5365,1979,5124,3381,22938,43.52939527,1.402519557,3147,7.9,11.2,15,11.9,51,2140,2333,240,426,1900,1907,133,105
31249,LABASTIDE-BEAUVOIR,31,31555,TOULOUSE,31,43.48330611,1.663611544,62,1150,405,1095,707,23755,43.59638143,1.431672934,71878,22.5,37.8,36,27.3,120,544,518,136,130,408,388,192,145
31252,LABASTIDE-SAINT-SERNIN,31,31555,TOULOUSE,31,43.7357715,1.465971666,103,1853,708,1879,1228,23252,43.59638143,1.431672934,71878,15.7,24.8,31,18.7,81,825,810,137,137,688,673,289,249
31253,LABASTIDETTE,31,31555,TOULOUSE,31,43.45724883,1.237115382,54,2385,927,2521,1615,21798,43.59638143,1.431672934,71878,22.0,30.0,30,26.2,112,1052,1202,161,134,892,1068,325,396
31253,LABASTIDETTE,31,31395,MURET,31,43.45724883,1.237115382,54,2385,927,2521,1615,21798,43.44910778,1.307846794,3402,5.8,13.3,13,10.5,47,0,1202,0,134,0,1068,0,148
31254,LABEGE,31,31555,TOULOUSE,31,43.53913772,1.520620711,5630,4217,1465,3436,2335,23789,43.59638143,1.431672934,71878,9.6,20.2,27,12.3,53,1556,1520,463,503,1093,1017,618,551
31259,LACROIX-FALGARDE,31,31555,TOULOUSE,31,43.50081647,1.423910344,109,2043,845,2111,1404,29164,43.59638143,1.431672934,71878,10.6,13.8,24,12.6,52,978,974,143,163,835,811,569,469
31261,LAFITTE-VIGORDANE,31,31555,TOULOUSE,31,43.30317016,1.162239977,51,1109,392,1129,709,21533,43.59638143,1.431672934,71878,39.2,48.0,37,46.2,197,460,0,85,0,374,0,126,0
31263,LAGARDELLE-SUR-LEZE,31,31555,TOULOUSE,31,43.41460757,1.392592857,153,2769,1061,2868,1853,22739,43.59638143,1.431672934,71878,20.5,29.1,29,24.4,101,1131,1236,157,230,974,1006,407,378
31263,LAGARDELLE-SUR-LEZE,31,31395,MURET,31,43.41460757,1.392592857,153,2769,1061,2868,1853,22739,43.44910778,1.307846794,3402,7.8,21.7,19,11.6,51,1131,1236,157,230,974,1006,117,120
31269,LAMASQUERE,31,31555,TOULOUSE,31,43.48453652,1.248339436,46,1422,510,1445,916,22071,43.59638143,1.431672934,71878,19.3,29.7,30,23.2,99,619,706,86,119,533,586,225,283
31270,LANDORTHE,31,31483,SAINT-GAUDENS,31,43.12951555,0.777804004,119,975,408,990,674,22132,43.11992608,0.726613564,2364,4.3,7.3,9,6.2,26,376,401,67,69,309,332,166,163
31271,LANTA,31,31555,TOULOUSE,31,43.56151268,1.668029806,119,1840,750,1976,1278,24236,43.59638143,1.431672934,71878,19.4,33.4,42,24.9,106,672,864,112,180,560,684,308,325
31273,LAPEYROUSE-FOSSAT,31,31555,TOULOUSE,31,43.70162146,1.510359504,102,2758,1012,2894,1855,27317,43.59638143,1.431672934,71878,13.3,30.5,30,15.7,67,1251,1357,181,175,1070,1182,539,591
31273,LAPEYROUSE-FOSSAT,31,31555,TOULOUSE,31,43.70162146,1.510359504,102,2758,1012,2894,1855,27317,43.59638143,1.431672934,71878,13.3,30.5,30,15.7,67,1251,1357,181,175,1070,1182,539,591
31277,LASSERRE,31,31555,TOULOUSE,31,43.63581811,1.191251996,25,1021,366,1029,656,25348,43.59638143,1.431672934,71878,19.9,26.6,32,23.1,108,402,489,33,72,369,417,131,124
31281,LAUNAC,31,31555,TOULOUSE,31,43.75035657,1.170705963,46,1396,529,1400,906,20899,43.59638143,1.431672934,71878,27.1,32.9,40,32.8,141,636,667,120,118,516,549,188,170
31282,LAUNAGUET,31,31044,BALMA,31,43.67007661,1.455160037,877,7936,3267,8200,5416,21789,43.61152587,1.504591383,3761,7.6,10.9,17,10.0,43,0,3859,0,731,0,3128,0,137
31282,LAUNAGUET,31,31555,TOULOUSE,31,43.67007661,1.455160037,877,7936,3267,8200,5416,21789,43.59638143,1.431672934,71878,8.4,13.7,20,10.0,44,3355,3859,527,731,2828,3128,1523,1692
31282,LAUNAGUET,31,31069,BLAGNAC,31,43.67007661,1.455160037,877,7936,3267,8200,5416,21789,43.64218679,1.378869411,6700,6.9,14.8,19,12.2,53,3355,3859,527,731,2828,3128,156,227
31282,LAUNAGUET,31,31149,COLOMIERS,31,43.67007661,1.455160037,877,7936,3267,8200,5416,21789,43.61155151,1.327002184,6448,12.2,19.8,23,17.1,76,0,3859,0,731,0,3128,0,112
31284,LAUZERVILLE,31,31555,TOULOUSE,31,43.55834684,1.566900646,24,1518,506,1578,981,29839,43.59638143,1.431672934,71878,11.7,24.3,32,14.7,64,560,779,52,54,507,725,293,389
31285,LAVALETTE,31,31555,TOULOUSE,31,43.63937344,1.591686616,36,710,282,766,498,26572,43.59638143,1.431672934,71878,13.7,25.7,30,16.4,70,288,339,48,54,240,286,136,166
31287,LAVERNOSE-LACASSE,31,31395,MURET,31,43.39131187,1.24635317,110,2841,1132,3014,1957,22238,43.44910778,1.307846794,3402,8.1,11.7,11,9.9,48,1196,1292,168,300,1028,992,176,170
31287,LAVERNOSE-LACASSE,31,31555,TOULOUSE,31,43.39131187,1.24635317,110,2841,1132,3014,1957,22238,43.59638143,1.431672934,71878,27.3,36.8,33,32.5,140,1196,1292,168,300,1028,992,372,388
31291,LEGUEVIN,31,31069,BLAGNAC,31,43.59195978,1.229026463,430,8892,3563,8994,5936,24431,43.64218679,1.378869411,6700,13.3,21.6,19,17.7,84,4171,4546,746,788,3425,3759,417,510
31291,LEGUEVIN,31,31555,TOULOUSE,31,43.59195978,1.229026463,430,8892,3563,8994,5936,24431,43.59638143,1.431672934,71878,16.3,22.0,22,20.2,89,4171,4546,746,788,3425,3759,1484,1586
31291,LEGUEVIN,31,31149,COLOMIERS,31,43.59195978,1.229026463,430,8892,3563,8994,5936,24431,43.61155151,1.327002184,6448,8.2,12.7,12,9.9,44,4171,4546,746,788,3425,3759,540,655
31291,LEGUEVIN,31,31417,PIBRAC,31,43.59195978,1.229026463,430,8892,3563,8994,5936,24431,43.62743854,1.261394753,494,4.7,9.1,13,6.7,30,0,4546,0,788,0,3759,0,103
31291,LEGUEVIN,31,31149,COLOMIERS,31,43.59195978,1.229026463,430,8892,3563,8994,5936,24431,43.61155151,1.327002184,6448,8.2,12.7,12,9.9,43,4171,4546,746,788,3425,3759,540,655
31291,LEGUEVIN,31,31555,TOULOUSE,31,43.59195978,1.229026463,430,8892,3563,8994,5936,24431,43.59638143,1.431672934,71878,16.3,22.0,22,20.2,90,4171,4546,746,788,3425,3759,1484,1586
31293,LESPINASSE,31,31555,TOULOUSE,31,43.71580138,1.383348885,753,2645,1020,2640,1725,21580,43.59638143,1.431672934,71878,13.8,18.6,23,14.8,68,1356,1351,296,180,1060,1171,480,399
31293,LESPINASSE,31,31069,BLAGNAC,31,43.71580138,1.383348885,753,2645,1020,2640,1725,21580,43.64218679,1.378869411,6700,8.2,11.9,18,11.9,59,1356,1351,296,180,1060,1171,100,104
31297,LEVIGNAC,31,31149,COLOMIERS,31,43.65939182,1.203892273,97,1976,816,2105,1374,24000,43.61155151,1.327002184,6448,11.2,16.9,20,13.3,71,871,0,175,0,696,0,111,0
31297,LEVIGNAC,31,31555,TOULOUSE,31,43.65939182,1.203892273,97,1976,816,2105,1374,24000,43.59638143,1.431672934,71878,19.6,26.3,30,25.2,106,871,874,175,189,696,685,312,258
31297,LEVIGNAC,31,31069,BLAGNAC,31,43.65939182,1.203892273,97,1976,816,2105,1374,24000,43.64218679,1.378869411,6700,14.2,25.9,27,17.5,74,0,874,0,189,0,685,0,125
31299,LHERM,31,31555,TOULOUSE,31,43.42933772,1.223342366,193,3597,1304,3538,2283,22190,43.59638143,1.431672934,71878,25.1,32.1,32,29.6,131,1484,1704,321,309,1163,1395,481,507
31299,LHERM,31,31395,MURET,31,43.42933772,1.223342366,193,3597,1304,3538,2283,22190,43.44910778,1.307846794,3402,7.2,10.9,13,9.7,39,1484,1704,321,309,1163,1395,189,231
31303,LONGAGES,31,31555,TOULOUSE,31,43.35742296,1.21425496,136,2930,1125,2991,1931,21062,43.59638143,1.431672934,71878,31.8,41.5,37,37.6,160,1218,1280,204,204,1015,1076,383,400
31303,LONGAGES,31,31395,MURET,31,43.35742296,1.21425496,136,2930,1125,2991,1931,21062,43.44910778,1.307846794,3402,12.7,16.4,15,15.4,69,1218,1280,204,204,1015,1076,183,167
31311,LA MAGDELAINE-SUR-TARN,31,31555,TOULOUSE,31,43.81369809,1.535036361,70,1150,422,1149,729,20450,43.59638143,1.431672934,71878,25.6,37.4,40,30.2,133,454,506,77,126,377,381,146,101
31320,MARQUEFAVE,31,31555,TOULOUSE,31,43.30955459,1.25946318,60,997,388,1002,667,21593,43.59638143,1.431672934,71878,34.8,45.2,39,41.6,174,0,483,0,71,0,411,0,115
31324,MARTRES-TOLOSANE,31,31555,TOULOUSE,31,43.20200246,1.001172273,307,2288,1017,2355,1599,19051,43.59638143,1.431672934,71878,56.0,69.0,48,65.7,278,852,787,293,270,558,517,100,101
31334,MAUZAC,31,31555,TOULOUSE,31,43.37561008,1.302832985,67,1228,443,1247,785,23036,43.59638143,1.431672934,71878,26.7,36.0,31,31.3,135,560,575,106,103,453,473,196,193
31338,MENVILLE,31,31555,TOULOUSE,31,43.67922406,1.187458229,6,707,253,724,455,25663,43.59638143,1.431672934,71878,21.7,27.1,32,28.2,119,0,385,0,40,0,345,0,140
31339,MERENVIELLE,31,31555,TOULOUSE,31,43.62068629,1.167607887,23,484,169,492,313,24539,43.59638143,1.431672934,71878,21.4,31.9,33,25.7,112,0,275,0,25,0,250,0,125
31341,MERVILLE,31,31069,BLAGNAC,31,43.72215675,1.295984019,420,5112,1983,5135,3346,22743,43.64218679,1.378869411,6700,11.1,14.9,20,13.9,59,2273,2391,383,357,1891,2033,398,371
31341,MERVILLE,31,31149,COLOMIERS,31,43.72215675,1.295984019,420,5112,1983,5135,3346,22743,43.61155151,1.327002184,6448,12.6,15.4,26,14.7,63,2273,2391,383,357,1891,2033,189,176
31341,MERVILLE,31,31555,TOULOUSE,31,43.72215675,1.295984019,420,5112,1983,5135,3346,22743,43.59638143,1.431672934,71878,17.7,22.9,29,21.6,91,2273,2391,383,357,1891,2033,685,748
31344,MIRAMONT-DE-COMMINGES,31,31483,SAINT-GAUDENS,31,43.09143453,0.755642929,37,776,342,763,530,17293,43.11992608,0.726613564,2364,3.9,5.2,9,6.0,26,284,0,62,0,223,0,115,0
31345,MIREMONT,31,31555,TOULOUSE,31,43.37689471,1.417232873,102,2334,841,2302,1471,21218,43.59638143,1.431672934,71878,24.4,33.6,32,29.7,124,919,922,163,141,756,781,268,303
31346,MIREPOIX-SUR-TARN,31,31555,TOULOUSE,31,43.8243903,1.577469977,46,939,380,1034,659,20028,43.59638143,1.431672934,71878,27.9,44.0,43,33.2,147,0,455,0,61,0,394,0,183
31351,MONDONVILLE,31,31150,CORNEBARRIEU,31,43.66308161,1.281279884,202,4538,1869,4543,3027,22846,43.64862657,1.322429646,1048,3.7,4.3,8,4.2,18,2022,2409,230,366,1792,2043,164,136
31351,MONDONVILLE,31,31555,TOULOUSE,31,43.66308161,1.281279884,202,4538,1869,4543,3027,22846,43.59638143,1.431672934,71878,14.2,20.2,26,18.3,76,2022,2409,230,366,1792,2043,662,798
31351,MONDONVILLE,31,31069,BLAGNAC,31,43.66308161,1.281279884,202,4538,1869,4543,3027,22846,43.64218679,1.378869411,6700,8.2,12.3,17,10.6,44,2022,2409,230,366,1792,2043,364,462
31351,MONDONVILLE,31,31149,COLOMIERS,31,43.66308161,1.281279884,202,4538,1869,4543,3027,22846,43.61155151,1.327002184,6448,6.8,10.4,18,9.3,47,2022,2409,230,366,1792,2043,247,251
31355,MONS,31,31555,TOULOUSE,31,43.61122618,1.573993718,100,1757,610,1781,1130,29995,43.59638143,1.431672934,71878,11.6,23.8,30,13.6,59,649,808,58,115,590,693,322,339
31356,MONTAIGUT-SUR-SAVE,31,31555,TOULOUSE,31,43.68039436,1.23456639,88,1603,585,1669,1059,26489,43.59638143,1.431672934,71878,18.4,25.6,33,24.6,102,748,687,128,120,620,567,220,170
31356,MONTAIGUT-SUR-SAVE,31,31069,BLAGNAC,31,43.68039436,1.23456639,88,1603,585,1669,1059,26489,43.64218679,1.378869411,6700,12.4,17.6,24,16.9,70,748,687,128,120,620,567,104,144
31358,MONTASTRUC-LA-CONSEILLERE,31,31555,TOULOUSE,31,43.72212348,1.589064338,377,3285,1371,3554,2329,25473,43.59638143,1.431672934,71878,18.9,28.2,27,23.8,104,1428,1514,260,315,1168,1199,528,469
31360,MONTAUBAN-DE-LUCHON,31,31042,BAGNERES-DE-LUCHON,31,42.79052436,0.623354384,48,471,264,509,374,21337,42.73614773,0.626640396,594,6.1,15.0,25,10.9,46,0,199,0,31,0,168,0,121
31364,MONTBERON,31,31555,TOULOUSE,31,43.72031073,1.488949984,132,2865,1028,2855,1837,24681,43.59638143,1.431672934,71878,14.5,31.3,31,17.4,80,1291,1367,210,112,1081,1255,523,591
31366,MONTBRUN-LAURAGAIS,31,31555,TOULOUSE,31,43.45587271,1.519838844,14,586,216,617,395,26918,43.59638143,1.431672934,71878,17.2,23.2,33,20.1,88,272,305,24,15,248,290,148,145
31374,MONTESQUIEU-LAURAGAIS,31,31555,TOULOUSE,31,43.40732865,1.627632499,50,942,375,984,645,24276,43.59638143,1.431672934,71878,26.3,45.6,37,31.4,128,405,497,61,86,344,411,142,155
31375,MONTESQUIEU-VOLVESTRE,31,31555,TOULOUSE,31,43.1925396,1.21785196,230,3141,1362,3117,2133,18922,43.59638143,1.431672934,71878,48.1,63.9,53,57.8,243,1146,1160,443,433,703,726,169,211
31377,MONTGAILLARD-LAURAGAIS,31,31555,TOULOUSE,31,43.42849137,1.702652691,29,702,264,746,476,21723,43.59638143,1.431672934,71878,28.7,45.8,38,37.0,151,299,0,36,0,263,0,116,0
31381,MONTGISCARD,31,31555,TOULOUSE,31,43.45519093,1.570524063,188,2142,915,2296,1524,24409,43.59638143,1.431672934,71878,19.3,33.1,32,22.6,93,980,964,200,180,780,784,340,328
31383,MONTJOIRE,31,31555,TOULOUSE,31,43.77873049,1.526666455,36,1311,463,1239,801,23133,43.59638143,1.431672934,71878,21.7,38.0,37,25.8,115,517,621,83,101,434,521,190,265
31384,MONTLAUR,31,31555,TOULOUSE,31,43.48530756,1.580608871,30,1190,487,1347,867,24807,43.59638143,1.431672934,71878,17.2,33.7,31,21.2,91,596,558,65,80,531,478,231,201
31389,MONTRABE,31,31044,BALMA,31,43.64245322,1.52880633,639,3996,1693,4260,2838,26000,43.61152587,1.504591383,3761,4.0,6.0,10,5.5,24,0,1935,0,263,0,1672,0,192
31389,MONTRABE,31,31555,TOULOUSE,31,43.64245322,1.52880633,639,3996,1693,4260,2838,26000,43.59638143,1.431672934,71878,9.4,17.5,23,12.1,52,1576,1935,241,263,1334,1672,784,841
31390,MONTREJEAU,31,31483,SAINT-GAUDENS,31,43.08858849,0.558463263,489,2872,1336,2619,1900,16795,43.11992608,0.726613564,2364,14.1,16.0,19,17.4,72,956,0,398,0,558,0,209,0
31395,MURET,31,31149,COLOMIERS,31,43.44910778,1.307846794,3402,24975,10740,24612,16841,20284,43.61155151,1.327002184,6448,18.1,29.2,23,24.3,106,10086,10235,3686,3881,6400,6354,219,210
31395,MURET,31,31433,PORTET-SUR-GARONNE,31,43.44910778,1.307846794,3402,24975,10740,24612,16841,20284,43.52939527,1.402519557,3147,11.8,13.7,12,14.5,61,10086,10235,3686,3881,6400,6354,408,398
31395,MURET,31,31555,TOULOUSE,31,43.44910778,1.307846794,3402,24975,10740,24612,16841,20284,43.59638143,1.431672934,71878,19.2,25.1,22,22.6,97,10086,10235,3686,3881,6400,6354,3038,2921
31395,MURET,31,31458,ROQUES,31,43.44910778,1.307846794,3402,24975,10740,24612,16841,20284,43.50741454,1.354586276,947,7.5,17.8,13,9.8,41,10086,10235,3686,3881,6400,6354,260,298
31395,MURET,31,31157,CUGNAUX,31,43.44910778,1.307846794,3402,24975,10740,24612,16841,20284,43.54492112,1.342862238,1827,11.0,19.3,22,15.2,64,10086,10235,3686,3881,6400,6354,155,141
31395,MURET,31,31254,LABEGE,31,43.44910778,1.307846794,3402,24975,10740,24612,16841,20284,43.53913772,1.520620711,5630,19.9,27.8,28,28.1,119,0,10235,0,3881,0,6354,0,105
31395,MURET,31,31547,SEYSSES,31,43.44910778,1.307846794,3402,24975,10740,24612,16841,20284,43.49889158,1.286905756,648,5.8,8.2,10,10.4,43,10086,10235,3686,3881,6400,6354,217,194
31395,MURET,31,31069,BLAGNAC,31,43.44910778,1.307846794,3402,24975,10740,24612,16841,20284,43.64218679,1.378869411,6700,22.2,28.0,22,29.7,128,10086,10235,3686,3881,6400,6354,208,205
31396,NAILLOUX,31,31555,TOULOUSE,31,43.36524137,1.613167568,462,3592,1380,3409,2227,21411,43.59638143,1.431672934,71878,29.6,45.0,37,37.8,154,1355,1693,317,477,1037,1216,388,507
31399,NOE,31,31395,MURET,31,43.36051881,1.270519452,439,2863,1092,2892,1870,20460,43.44910778,1.307846794,3402,10.3,11.1,8,13.2,60,1192,0,260,0,932,0,140,0
31399,NOE,31,31555,TOULOUSE,31,43.36051881,1.270519452,439,2863,1092,2892,1870,20460,43.59638143,1.431672934,71878,29.3,36.2,30,35.4,151,1192,1242,260,275,932,967,340,305
31402,ODARS,31,31555,TOULOUSE,31,43.52193945,1.593265864,31,801,321,890,574,27200,43.59638143,1.431672934,71878,15.4,28.4,36,18.9,81,344,0,64,0,280,0,128,0
31403,ONDES,31,31555,TOULOUSE,31,43.78612775,1.304097476,121,701,274,679,451,22888,43.59638143,1.431672934,71878,23.5,29.4,32,27.7,121,402,0,81,0,321,0,101,0
31407,PAULHAC,31,31555,TOULOUSE,31,43.75422233,1.554782289,24,1213,437,1273,803,25011,43.59638143,1.431672934,71878,20.2,33.4,32,24.3,110,549,609,95,69,453,540,207,280
31409,PECHABOU,31,31555,TOULOUSE,31,43.50151324,1.510449902,107,2081,842,2227,1448,27949,43.59638143,1.431672934,71878,12.3,17.8,29,14.8,64,952,1050,71,126,881,924,467,418
31409,PECHABOU,31,31254,LABEGE,31,43.50151324,1.510449902,107,2081,842,2227,1448,27949,43.53913772,1.520620711,5630,4.3,9.0,16,6.2,26,0,1050,0,126,0,924,0,107
31410,PECHBONNIEU,31,31555,TOULOUSE,31,43.71125849,1.458791378,433,4352,1522,4101,2658,24034,43.59638143,1.431672934,71878,13.0,17.2,30,15.8,69,1759,1931,282,258,1477,1673,814,803
31411,PECHBUSQUE,31,31555,TOULOUSE,31,43.52465513,1.457203163,24,826,323,893,576,36302,43.59638143,1.431672934,71878,8.2,10.5,21,10.1,44,379,376,42,48,337,329,202,190
31417,PIBRAC,31,31069,BLAGNAC,31,43.62743854,1.261394753,494,8226,3229,8670,5643,28319,43.64218679,1.378869411,6700,9.6,20.8,22,13.0,58,3635,3716,651,592,2984,3124,460,494
31417,PIBRAC,31,31149,COLOMIERS,31,43.62743854,1.261394753,494,8226,3229,8670,5643,28319,43.61155151,1.327002184,6448,5.6,11.8,14,7.2,31,3635,3716,651,592,2984,3124,502,537
31417,PIBRAC,31,31555,TOULOUSE,31,43.62743854,1.261394753,494,8226,3229,8670,5643,28319,43.59638143,1.431672934,71878,14.1,21.2,24,17.5,77,3635,3716,651,592,2984,3124,1419,1422
31418,PIN-BALMA,31,31555,TOULOUSE,31,43.62234264,1.535735945,69,925,313,882,574,32202,43.59638143,1.431672934,71878,8.9,19.9,26,10.9,48,361,379,44,51,317,328,189,164
31420,PINSAGUEL,31,31555,TOULOUSE,31,43.50305775,1.393936263,294,2793,1216,2838,1939,23021,43.59638143,1.431672934,71878,10.8,21.0,23,13.7,60,1156,1186,176,219,980,967,552,428
31420,PINSAGUEL,31,31433,PORTET-SUR-GARONNE,31,43.50305775,1.393936263,294,2793,1216,2838,1939,23021,43.52939527,1.402519557,3147,3.0,5.6,13,5.6,24,1156,0,176,0,980,0,108,0
31421,PINS-JUSTARET,31,31395,MURET,31,43.48244211,1.390875987,248,4463,1754,4454,2958,22645,43.44910778,1.307846794,3402,7.7,13.0,20,9.6,41,2047,1954,251,249,1796,1705,150,137
31421,PINS-JUSTARET,31,31433,PORTET-SUR-GARONNE,31,43.48244211,1.390875987,248,4463,1754,4454,2958,22645,43.52939527,1.402519557,3147,5.3,9.9,15,9.0,38,2047,1954,251,249,1796,1705,105,112
31421,PINS-JUSTARET,31,31555,TOULOUSE,31,43.48244211,1.390875987,248,4463,1754,4454,2958,22645,43.59638143,1.431672934,71878,13.1,21.4,25,17.1,74,2047,1954,251,249,1796,1705,971,875
31424,PLAISANCE-DU-TOUCH,31,31433,PORTET-SUR-GARONNE,31,43.55759164,1.285858118,1575,17278,7088,18300,12012,24317,43.52939527,1.402519557,3147,9.9,13.6,26,12.9,56,7771,7994,1328,1613,6444,6381,186,120
31424,PLAISANCE-DU-TOUCH,31,31157,CUGNAUX,31,43.55759164,1.285858118,1575,17278,7088,18300,12012,24317,43.54492112,1.342862238,1827,4.8,6.5,12,6.5,28,7771,7994,1328,1613,6444,6381,138,117
31424,PLAISANCE-DU-TOUCH,31,31149,COLOMIERS,31,43.55759164,1.285858118,1575,17278,7088,18300,12012,24317,43.61155151,1.327002184,6448,6.9,12.8,18,8.8,38,7771,7994,1328,1613,6444,6381,595,675
31424,PLAISANCE-DU-TOUCH,31,31395,MURET,31,43.55759164,1.285858118,1575,17278,7088,18300,12012,24317,43.44910778,1.307846794,3402,12.2,20.4,26,20.4,89,0,7994,0,1613,0,6381,0,123
31424,PLAISANCE-DU-TOUCH,31,31069,BLAGNAC,31,43.55759164,1.285858118,1575,17278,7088,18300,12012,24317,43.64218679,1.378869411,6700,12.0,21.7,25,16.3,70,7771,7994,1328,1613,6444,6381,570,615
31424,PLAISANCE-DU-TOUCH,31,31555,TOULOUSE,31,43.55759164,1.285858118,1575,17278,7088,18300,12012,24317,43.59638143,1.431672934,71878,12.5,22.1,28,13.9,63,7771,7994,1328,1613,6444,6381,3489,3373
31424,PLAISANCE-DU-TOUCH,31,31557,TOURNEFEUILLE,31,43.55759164,1.285858118,1575,17278,7088,18300,12012,24317,43.57819186,1.335006978,1958,4.6,5.1,12,5.5,24,7771,7994,1328,1613,6444,6381,332,317
31426,POINTIS-DE-RIVIERE,31,31483,SAINT-GAUDENS,31,43.09085715,0.625846864,30,851,305,725,494,20791,43.11992608,0.726613564,2364,8.8,12.2,15,10.8,46,0,284,0,52,0,232,0,112
31427,POINTIS-INARD,31,31483,SAINT-GAUDENS,31,43.08357982,0.79692777,19,882,410,931,639,18719,43.11992608,0.726613564,2364,7.0,10.7,16,10.8,47,326,0,50,0,276,0,105,0
31429,POMPERTUZAT,31,31555,TOULOUSE,31,43.49429325,1.521091308,72,2145,799,2188,1410,27154,43.59638143,1.431672934,71878,13.5,18.9,30,16.5,75,901,1085,93,100,809,985,425,503
31433,PORTET-SUR-GARONNE,31,31555,TOULOUSE,31,43.52939527,1.402519557,3147,9609,3809,9392,6270,20780,43.59638143,1.431672934,71878,7.8,14.3,19,10.3,46,3979,3712,1135,1099,2844,2613,1738,1554
31433,PORTET-SUR-GARONNE,31,31254,LABEGE,31,43.52939527,1.402519557,3147,9609,3809,9392,6270,20780,43.53913772,1.520620711,5630,9.6,17.0,24,19.4,86,3979,0,1135,0,2844,0,149,0
31433,PORTET-SUR-GARONNE,31,31069,BLAGNAC,31,43.52939527,1.402519557,3147,9609,3809,9392,6270,20780,43.64218679,1.378869411,6700,12.7,17.2,19,17.0,77,3979,3712,1135,1099,2844,2613,114,109
31433,PORTET-SUR-GARONNE,31,31149,COLOMIERS,31,43.52939527,1.402519557,3147,9609,3809,9392,6270,20780,43.61155151,1.327002184,6448,11.0,18.3,20,15.0,68,3979,3712,1135,1099,2844,2613,106,104
31433,PORTET-SUR-GARONNE,31,31395,MURET,31,43.52939527,1.402519557,3147,9609,3809,9392,6270,20780,43.44910778,1.307846794,3402,11.8,19.1,17,13.8,58,3979,3712,1135,1099,2844,2613,110,114
31435,POUCHARRAMET,31,31555,TOULOUSE,31,43.42305871,1.16684454,64,842,318,854,559,22172,43.59638143,1.431672934,71878,28.8,38.5,40,35.2,156,374,0,82,0,292,0,115,0
31439,PRESERVILLE,31,31555,TOULOUSE,31,43.52041572,1.631890687,17,740,257,722,461,27945,43.59638143,1.431672934,71878,18.2,40.1,38,21.7,95,0,386,0,94,0,292,0,124
31445,QUINT-FONSEGRIVES,31,31044,BALMA,31,43.58156828,1.542123579,878,5281,2335,5422,3724,26108,43.61152587,1.504591383,3761,4.5,5.9,13,6.1,27,0,2342,0,460,0,1881,0,168
31445,QUINT-FONSEGRIVES,31,31254,LABEGE,31,43.58156828,1.542123579,878,5281,2335,5422,3724,26108,43.53913772,1.520620711,5630,5.0,8.5,14,7.4,31,2103,2342,447,460,1655,1881,122,131
31445,QUINT-FONSEGRIVES,31,31555,TOULOUSE,31,43.58156828,1.542123579,878,5281,2335,5422,3724,26108,43.59638143,1.431672934,71878,9.0,22.2,29,12.2,53,2103,2342,447,460,1655,1881,982,1016
31446,RAMONVILLE-SAINT-AGNE,31,31149,COLOMIERS,31,43.54418379,1.477823728,2185,13986,6158,12964,9144,23203,43.61155151,1.327002184,6448,14.3,24.1,28,17.8,81,0,5839,0,1310,0,4529,0,113
31446,RAMONVILLE-SAINT-AGNE,31,31555,TOULOUSE,31,43.54418379,1.477823728,2185,13986,6158,12964,9144,23203,43.59638143,1.431672934,71878,6.9,12.7,24,8.5,36,5117,5839,1108,1310,4009,4529,2502,2830
31446,RAMONVILLE-SAINT-AGNE,31,31506,SAINT-ORENS-DE-GAMEVILLE,31,43.54418379,1.477823728,2185,13986,6158,12964,9144,23203,43.55907877,1.535137106,1756,4.9,9.3,19,8.8,38,0,5839,0,1310,0,4529,0,102
31446,RAMONVILLE-SAINT-AGNE,31,31069,BLAGNAC,31,43.54418379,1.477823728,2185,13986,6158,12964,9144,23203,43.64218679,1.378869411,6700,13.5,23.0,27,16.4,70,5117,5839,1108,1310,4009,4529,190,131
31446,RAMONVILLE-SAINT-AGNE,31,31113,CASTANET-TOLOSAN,31,43.54418379,1.477823728,2185,13986,6158,12964,9144,23203,43.51361667,1.50383757,1223,4.0,4.6,12,4.6,20,5117,5839,1108,1310,4009,4529,106,140
31446,RAMONVILLE-SAINT-AGNE,31,31254,LABEGE,31,43.54418379,1.477823728,2185,13986,6158,12964,9144,23203,43.53913772,1.520620711,5630,3.5,8.6,16,8.2,34,5117,5839,1108,1310,4009,4529,341,303
31451,REVEL,31,81288,SOREZE,81,43.46560378,1.996893941,1508,9387,4447,9464,6681,18751,43.44124925,2.080313377,318,7.3,10.0,14,11.3,50,3210,3293,1973,2043,1237,1250,104,105
31451,REVEL,31,81065,CASTRES,81,43.46560378,1.996893941,1508,9387,4447,9464,6681,18751,43.61565112,2.237872316,6200,25.6,31.4,37,32.0,133,3210,3293,1973,2043,1237,1250,165,105
31451,REVEL,31,31555,TOULOUSE,31,43.46560378,1.996893941,1508,9387,4447,9464,6681,18751,43.59638143,1.431672934,71878,47.8,68.7,63,59.0,246,3210,3293,1973,2043,1237,1250,180,237
31454,RIEUMES,31,31555,TOULOUSE,31,43.41217011,1.114542947,410,3516,1396,3301,2235,19954,43.59638143,1.431672934,71878,32.8,41.8,42,40.0,175,1425,1345,434,524,991,820,330,308
31454,RIEUMES,31,31395,MURET,31,43.41217011,1.114542947,410,3516,1396,3301,2235,19954,43.44910778,1.307846794,3402,16.1,25.1,26,20.5,84,1425,0,434,0,991,0,119,0
31455,RIEUX-VOLVESTRE,31,31555,TOULOUSE,31,43.25557339,1.206377694,232,2581,1059,2523,1702,19988,43.59638143,1.431672934,71878,42.1,51.4,44,50.0,210,1026,1160,402,397,624,763,173,216
31458,ROQUES,31,31395,MURET,31,43.50741454,1.354586276,947,4402,1736,4449,2919,22748,43.44910778,1.307846794,3402,7.5,12.3,8,10.0,41,0,2058,0,437,0,1621,0,110
31458,ROQUES,31,31433,PORTET-SUR-GARONNE,31,43.50741454,1.354586276,947,4402,1736,4449,2919,22748,43.52939527,1.402519557,3147,4.6,15.8,15,7.1,31,1496,2058,280,437,1216,1621,132,134
31458,ROQUES,31,31555,TOULOUSE,31,43.50741454,1.354586276,947,4402,1736,4449,2919,22748,43.59638143,1.431672934,71878,11.7,27.2,24,14.7,63,1496,2058,280,437,1216,1621,600,779
31458,ROQUES,31,31069,BLAGNAC,31,43.50741454,1.354586276,947,4402,1736,4449,2919,22748,43.64218679,1.378869411,6700,15.1,30.1,25,20.4,89,0,2058,0,437,0,1621,0,115
31459,ROQUESERIERE,31,31555,TOULOUSE,31,43.73372474,1.637734023,23,731,264,712,466,25287,43.59638143,1.431672934,71878,22.5,34.4,31,28.5,120,327,0,41,0,285,0,108,0
31460,ROQUETTES,31,31433,PORTET-SUR-GARONNE,31,43.49473648,1.374166164,140,4182,1718,4239,2836,23741,43.52939527,1.402519557,3147,4.5,7.8,13,6.8,30,1581,1869,193,292,1388,1577,114,116
31460,ROQUETTES,31,31555,TOULOUSE,31,43.49473648,1.374166164,140,4182,1718,4239,2836,23741,43.59638143,1.431672934,71878,12.2,19.2,23,14.9,65,1581,1869,193,292,1388,1577,714,786
31460,ROQUETTES,31,31395,MURET,31,43.49473648,1.374166164,140,4182,1718,4239,2836,23741,43.44910778,1.307846794,3402,7.4,12.5,19,9.7,45,0,1869,0,292,0,1577,0,126
31462,ROUFFIAC-TOLOSAN,31,31555,TOULOUSE,31,43.66389734,1.525419431,487,1994,806,2056,1376,29231,43.59638143,1.431672934,71878,10.6,18.6,26,13.0,56,783,942,117,172,666,770,323,343
31466,SAIGUEDE,31,31555,TOULOUSE,31,43.52337695,1.142317515,18,791,279,796,502,23399,43.59638143,1.431672934,71878,24.7,37.1,36,28.2,120,0,353,0,45,0,308,0,136
31467,SAINT-ALBAN,31,31022,AUCAMVILLE,31,43.69277089,1.412605248,1208,5870,2370,5915,3932,22109,43.67139681,1.423709108,1028,2.5,2.9,7,3.0,13,2716,2705,532,539,2184,2166,128,114
31467,SAINT-ALBAN,31,31069,BLAGNAC,31,43.69277089,1.412605248,1208,5870,2370,5915,3932,22109,43.64218679,1.378869411,6700,6.2,20.3,21,12.9,57,2716,0,532,0,2184,0,112,0
31467,SAINT-ALBAN,31,31555,TOULOUSE,31,43.69277089,1.412605248,1208,5870,2370,5915,3932,22109,43.59638143,1.431672934,71878,10.8,19.3,23,12.1,53,2716,2705,532,539,2184,2166,1104,1133
31467,SAINT-ALBAN,31,31182,FENOUILLET,31,43.69277089,1.412605248,1208,5870,2370,5915,3932,22109,43.6848099,1.390520535,1253,2.0,3.5,8,3.2,14,2716,0,532,0,2184,0,108,0
31475,SAINT-CLAR-DE-RIVIERE,31,31555,TOULOUSE,31,43.47589838,1.20896844,47,1252,516,1345,877,21919,43.59638143,1.431672934,71878,22.4,32.2,32,27.9,118,545,586,83,84,462,501,200,183
31478,SAINT-FELIX-LAURAGAIS,31,31451,REVEL,31,43.45059419,1.901729584,121,1289,546,1297,886,19908,43.46560378,1.996893941,1508,7.9,11.2,12,10.7,44,539,0,144,0,395,0,108,0
31480,SAINTE-FOY-D'AIGREFEUILLE,31,31555,TOULOUSE,31,43.5509541,1.603013672,237,1976,749,2122,1365,27398,43.59638143,1.431672934,71878,14.7,27.4,37,18.2,78,963,1102,144,174,818,928,405,458
31481,SAINTE-FOY-DE-PEYROLIERES,31,31499,SAINT-LYS,31,43.48089867,1.136932095,95,2064,748,2007,1302,22417,43.51000733,1.199557119,567,6.0,8.3,13,8.4,35,956,0,193,0,763,0,104,0
31481,SAINTE-FOY-DE-PEYROLIERES,31,31555,TOULOUSE,31,43.48089867,1.136932095,95,2064,748,2007,1302,22417,43.59638143,1.431672934,71878,27.0,36.1,39,33.5,142,956,985,193,209,763,776,225,278
31483,SAINT-GAUDENS,31,31555,TOULOUSE,31,43.11992608,0.726613564,2364,11255,5703,11110,8099,18191,43.59638143,1.431672934,71878,77.8,94.8,66,96.0,402,3901,0,2723,0,1177,0,103,0
31483,SAINT-GAUDENS,31,31175,ESTANCARBON,31,43.11992608,0.726613564,2364,11255,5703,11110,8099,18191,43.1088526,0.781108336,453,4.6,6.1,10,6.2,26,3901,3580,2723,2446,1177,1134,114,132
31484,SAINT-GENIES-BELLEVUE,31,31555,TOULOUSE,31,43.68488508,1.480470334,82,2247,950,2424,1607,26203,43.59638143,1.431672934,71878,10.6,16.8,25,12.1,53,985,1052,148,120,837,932,404,420
31486,SAINT-HILAIRE,31,31555,TOULOUSE,31,43.42065048,1.268752202,35,1059,403,1090,706,22806,43.59638143,1.431672934,71878,23.6,30.5,32,27.6,117,489,494,54,47,436,447,166,146
31486,SAINT-HILAIRE,31,31395,MURET,31,43.42065048,1.268752202,35,1059,403,1090,706,22806,43.44910778,1.307846794,3402,4.5,7.1,9,6.0,28,489,0,54,0,436,0,108,0
31488,SAINT-JEAN,31,31149,COLOMIERS,31,43.66320002,1.500802136,1544,10386,4565,10690,7268,24340,43.61155151,1.327002184,6448,15.1,24.0,28,20.7,91,4552,4578,852,764,3700,3814,132,122
31488,SAINT-JEAN,31,31069,BLAGNAC,31,43.66320002,1.500802136,1544,10386,4565,10690,7268,24340,43.64218679,1.378869411,6700,10.1,18.9,23,15.7,69,4552,4578,852,764,3700,3814,160,173
31488,SAINT-JEAN,31,31561,L'UNION,31,43.66320002,1.500802136,1544,10386,4565,10690,7268,24340,43.65424704,1.483948473,2557,1.7,3.3,9,2.9,13,4552,4578,852,764,3700,3814,284,259
31488,SAINT-JEAN,31,31044,BALMA,31,43.66320002,1.500802136,1544,10386,4565,10690,7268,24340,43.61152587,1.504591383,3761,5.8,8.4,17,8.8,40,4552,4578,852,764,3700,3814,188,231
31488,SAINT-JEAN,31,31555,TOULOUSE,31,43.66320002,1.500802136,1544,10386,4565,10690,7268,24340,43.59638143,1.431672934,71878,9.3,17.9,25,11.6,50,4552,4578,852,764,3700,3814,1960,2002
31490,SAINT-JORY,31,31069,BLAGNAC,31,43.73934411,1.356254546,771,5673,2128,5676,3674,21192,43.64218679,1.378869411,6700,11.0,21.8,24,14.2,68,2412,2729,567,688,1845,2041,184,177
31490,SAINT-JORY,31,31555,TOULOUSE,31,43.73934411,1.356254546,771,5673,2128,5676,3674,21192,43.59638143,1.431672934,71878,17.0,20.8,26,19.3,84,2412,2729,567,688,1845,2041,709,895
31495,SAINT-LEON,31,31555,TOULOUSE,31,43.39700085,1.562844604,28,1238,429,1254,784,22348,43.59638143,1.431672934,71878,24.6,40.2,38,30.2,132,494,682,83,154,411,528,121,203
31497,SAINT-LOUP-CAMMAS,31,31555,TOULOUSE,31,43.69785859,1.47992781,78,1898,775,2167,1391,24686,43.59638143,1.431672934,71878,11.9,18.1,28,13.8,61,924,910,120,142,804,768,412,376
31499,SAINT-LYS,31,31149,COLOMIERS,31,43.51000733,1.199557119,567,9067,3500,8976,5891,21463,43.61155151,1.327002184,6448,15.3,23.2,26,19.4,89,3700,3910,915,787,2785,3123,240,320
31499,SAINT-LYS,31,31187,FONSORBES,31,43.51000733,1.199557119,567,9067,3500,8976,5891,21463,43.53176957,1.238636706,702,4.0,6.4,10,5.7,24,0,3910,0,787,0,3123,0,138
31499,SAINT-LYS,31,31395,MURET,31,43.51000733,1.199557119,567,9067,3500,8976,5891,21463,43.44910778,1.307846794,3402,11.1,19.4,21,15.2,64,3700,3910,915,787,2785,3123,177,172
31499,SAINT-LYS,31,31433,PORTET-SUR-GARONNE,31,43.51000733,1.199557119,567,9067,3500,8976,5891,21463,43.52939527,1.402519557,3147,16.5,23.5,27,21.4,90,3700,3910,915,787,2785,3123,106,108
31499,SAINT-LYS,31,31069,BLAGNAC,31,43.51000733,1.199557119,567,9067,3500,8976,5891,21463,43.64218679,1.378869411,6700,20.6,32.2,33,26.9,122,3700,3910,915,787,2785,3123,181,197
31499,SAINT-LYS,31,31555,TOULOUSE,31,43.51000733,1.199557119,567,9067,3500,8976,5891,21463,43.59638143,1.431672934,71878,21.0,34.9,37,24.5,115,3700,3910,915,787,2785,3123,1035,1235
31500,SAINT-MAMET,31,31042,BAGNERES-DE-LUCHON,31,42.77214978,0.630003335,19,559,270,566,405,18718,42.73614773,0.626640396,594,4.0,11.0,17,10.7,47,216,262,42,62,174,200,131,113
31506,SAINT-ORENS-DE-GAMEVILLE,31,31069,BLAGNAC,31,43.55907877,1.535137106,1756,11581,4995,11673,8009,24851,43.64218679,1.378869411,6700,15.6,25.0,27,19.8,86,4666,4722,1133,1086,3533,3636,122,138
31506,SAINT-ORENS-DE-GAMEVILLE,31,31446,RAMONVILLE-SAINT-AGNE,31,43.55907877,1.535137106,1756,11581,4995,11673,8009,24851,43.54418379,1.477823728,2185,4.9,8.3,17,8.9,39,4666,0,1133,0,3533,0,114,0
31506,SAINT-ORENS-DE-GAMEVILLE,31,31044,BALMA,31,43.55907877,1.535137106,1756,11581,4995,11673,8009,24851,43.61152587,1.504591383,3761,6.3,9.6,17,8.9,38,4666,4722,1133,1086,3533,3636,104,148
31506,SAINT-ORENS-DE-GAMEVILLE,31,31254,LABEGE,31,43.55907877,1.535137106,1756,11581,4995,11673,8009,24851,43.53913772,1.520620711,5630,2.5,4.8,9,4.0,17,4666,4722,1133,1086,3533,3636,349,450
31506,SAINT-ORENS-DE-GAMEVILLE,31,31555,TOULOUSE,31,43.55907877,1.535137106,1756,11581,4995,11673,8009,24851,43.59638143,1.431672934,71878,9.3,20.8,28,11.9,52,4666,4722,1133,1086,3533,3636,2060,1992
31507,SAINT-PAUL-SUR-SAVE,31,31555,TOULOUSE,31,43.69951639,1.22058648,36,1471,619,1514,1000,20931,43.59638143,1.431672934,71878,20.5,25.3,33,24.9,105,610,720,85,101,525,619,170,223
31507,SAINT-PAUL-SUR-SAVE,31,31069,BLAGNAC,31,43.69951639,1.22058648,36,1471,619,1514,1000,20931,43.64218679,1.378869411,6700,14.2,17.4,24,17.1,73,610,720,85,101,525,619,117,139
31512,SAINT-PIERRE-DE-LAGES,31,31555,TOULOUSE,31,43.56819595,1.626844946,49,808,264,829,506,26086,43.59638143,1.431672934,71878,16.0,29.9,36,20.0,85,360,364,51,34,308,329,186,143
31516,SAINT-SAUVEUR,31,31555,TOULOUSE,31,43.75134093,1.395791172,377,1782,632,1712,1105,23653,43.59638143,1.431672934,71878,17.5,20.6,26,19.7,86,868,808,156,141,711,666,223,258
31517,SAINT-SULPICE-SUR-LEZE,31,31555,TOULOUSE,31,43.32455294,1.341273723,202,2196,927,2284,1520,19274,43.59638143,1.431672934,71878,31.1,46.5,40,38.1,162,822,907,238,264,584,642,214,208
31526,LA SALVETAT-SAINT-GILLES,31,31069,BLAGNAC,31,43.57548002,1.266163199,369,7512,3091,8172,5306,24700,43.64218679,1.378869411,6700,11.7,18.1,18,17.5,74,3412,3723,452,596,2960,3127,320,342
31526,LA SALVETAT-SAINT-GILLES,31,31149,COLOMIERS,31,43.57548002,1.266163199,369,7512,3091,8172,5306,24700,43.61155151,1.327002184,6448,6.3,9.1,10,8.5,37,3412,3723,452,596,2960,3127,396,423
31526,LA SALVETAT-SAINT-GILLES,31,31424,PLAISANCE-DU-TOUCH,31,43.57548002,1.266163199,369,7512,3091,8172,5306,24700,43.55759164,1.285858118,1575,2.5,4.2,9,4.1,17,3412,3723,452,596,2960,3127,112,105
31526,LA SALVETAT-SAINT-GILLES,31,31555,TOULOUSE,31,43.57548002,1.266163199,369,7512,3091,8172,5306,24700,43.59638143,1.431672934,71878,13.5,18.5,21,15.0,65,3412,3723,452,596,2960,3127,1364,1439
31526,LA SALVETAT-SAINT-GILLES,31,31557,TOURNEFEUILLE,31,43.57548002,1.266163199,369,7512,3091,8172,5306,24700,43.57819186,1.335006978,1958,5.6,6.8,15,7.1,29,3412,3723,452,596,2960,3127,120,103
31533,SAUBENS,31,31555,TOULOUSE,31,43.47931349,1.359599413,42,2151,781,2211,1401,25026,43.59638143,1.431672934,71878,14.3,22.2,26,17.2,75,857,946,154,121,704,825,392,396
31535,SAUVETERRE-DE-COMMINGES,31,31483,SAINT-GAUDENS,31,43.03366132,0.672650254,18,670,297,645,452,18782,43.11992608,0.726613564,2364,10.5,13.0,18,12.6,53,0,250,0,57,0,193,0,120
31541,SEILH,31,31149,COLOMIERS,31,43.69009538,1.356750072,263,3109,1361,3099,2121,26852,43.61155151,1.327002184,6448,9.1,17.0,20,11.7,51,1735,1767,218,253,1517,1514,113,112
31541,SEILH,31,31555,TOULOUSE,31,43.69009538,1.356750072,263,3109,1361,3099,2121,26852,43.59638143,1.431672934,71878,12.0,16.3,21,14.1,60,1735,1767,218,253,1517,1514,512,576
31541,SEILH,31,31069,BLAGNAC,31,43.69009538,1.356750072,263,3109,1361,3099,2121,26852,43.64218679,1.378869411,6700,5.6,8.4,12,6.9,31,1735,1767,218,253,1517,1514,428,378
31547,SEYSSES,31,31555,TOULOUSE,31,43.49889158,1.286905756,648,8193,2918,7398,4910,22127,43.59638143,1.431672934,71878,15.9,26.9,28,19.0,82,3021,3133,667,646,2354,2487,1098,1141
31547,SEYSSES,31,31433,PORTET-SUR-GARONNE,31,43.49889158,1.286905756,648,8193,2918,7398,4910,22127,43.52939527,1.402519557,3147,9.9,15.4,18,13.4,56,3021,3133,667,646,2354,2487,113,104
31547,SEYSSES,31,31395,MURET,31,43.49889158,1.286905756,648,8193,2918,7398,4910,22127,43.44910778,1.307846794,3402,5.8,12.3,13,11.0,48,3021,3133,667,646,2354,2487,248,257
31547,SEYSSES,31,31149,COLOMIERS,31,43.49889158,1.286905756,648,8193,2918,7398,4910,22127,43.61155151,1.327002184,6448,12.9,30.9,30,17.6,75,0,3133,0,646,0,2487,0,124
31553,THIL,31,31555,TOULOUSE,31,43.71015159,1.153020566,20,1175,436,1176,757,22623,43.59638143,1.431672934,71878,25.7,33.4,41,32.2,136,532,540,84,95,448,445,168,153
